product_id,category,our_cost,competitor_price,stock_level,historical_sales_volume,our_price,optimized_price,pricing_strategy,projected_profit_per_unit,total_projected_revenue
PROD_1000,Beauty,280.31,326.6,56,392,383.45,383.45,Hold Price,103.14,150312.4
PROD_1001,Sports,173.89,46.36,103,28,237.64,199.97,Floor Protected (Min: $199.97),26.08,5599.16
PROD_1002,Apparel,212.03,46.0,119,180,259.01,243.83,Floor Protected (Min: $243.83),31.8,43889.4
PROD_1003,Sports,277.52,20.27,155,459,487.37,319.15,Floor Protected (Min: $319.15),41.63,146489.85
PROD_1004,Sports,215.1,431.08,135,83,285.7,285.7,Hold Price,70.6,23713.1
PROD_1005,Home & Living,54.24,335.82,5,70,78.76,78.76,Hold Price,24.52,5513.2
PROD_1006,Apparel,177.12,168.66,109,436,213.57,203.69,Floor Protected (Min: $203.69),26.57,88808.84
PROD_1007,Apparel,185.95,143.99,116,162,318.86,213.84,Floor Protected (Min: $213.84),27.89,34642.08
PROD_1008,Apparel,133.0,167.12,30,285,217.95,217.95,Hold Price,84.95,62115.75
PROD_1009,Sports,223.57,351.97,60,57,395.28,395.28,Hold Price,171.71,22530.96
PROD_1010,Beauty,280.97,302.7,126,220,468.93,323.12,Floor Protected (Min: $323.12),42.15,71086.4
PROD_1011,Apparel,278.41,95.56,99,352,386.5,386.5,Hold Price,108.09,136048.0
PROD_1012,Sports,140.74,90.74,18,417,189.82,189.82,Hold Price,49.08,79154.94
PROD_1013,Home & Living,42.84,57.8,108,148,69.34,56.8,Match & Undercut,13.96,8406.4
PROD_1014,Beauty,295.6,302.23,44,119,419.3,419.3,Hold Price,123.7,49896.7
PROD_1015,Home & Living,253.28,347.5,81,491,389.98,389.98,Hold Price,136.7,191480.18
PROD_1016,Beauty,46.15,130.3,195,192,55.55,55.55,Hold Price,9.4,10665.6
PROD_1017,Sports,277.04,24.11,163,37,342.73,318.6,Floor Protected (Min: $318.6),41.56,11788.2
PROD_1018,Electronics,262.27,50.74,9,206,398.97,301.61,Floor Protected (Min: $301.61),39.34,62131.66
PROD_1019,Beauty,160.46,436.02,142,200,247.05,247.05,Hold Price,86.59,49410.0
PROD_1020,Home & Living,181.47,143.52,107,324,299.58,208.69,Floor Protected (Min: $208.69),27.22,67615.56
PROD_1021,Sports,125.71,349.61,9,398,160.81,360.1,Increase (High Demand / Low Stock),234.39,143319.8
PROD_1022,Beauty,25.88,286.73,97,60,39.02,39.02,Hold Price,13.14,2341.2
PROD_1023,Electronics,107.21,181.14,95,158,141.16,141.16,Hold Price,33.95,22303.28
PROD_1024,Electronics,242.83,104.47,66,277,304.97,304.97,Hold Price,62.14,84476.69
PROD_1025,Apparel,11.34,67.8,172,59,16.4,16.4,Hold Price,5.06,967.6
PROD_1026,Apparel,106.71,282.53,40,397,138.51,138.51,Hold Price,31.8,54988.47
PROD_1027,Home & Living,125.47,351.97,82,255,167.26,167.26,Hold Price,41.79,42651.3
PROD_1028,Beauty,165.84,295.1,188,122,230.61,230.61,Hold Price,64.77,28134.42
PROD_1029,Beauty,276.76,245.68,85,179,375.19,375.19,Hold Price,98.43,67159.01
PROD_1030,Apparel,110.44,33.25,89,477,138.33,138.33,Hold Price,27.89,65983.41
PROD_1031,Beauty,110.62,436.29,87,175,138.71,138.71,Hold Price,28.09,24274.25
PROD_1032,Beauty,223.88,362.44,94,418,294.61,294.61,Hold Price,70.73,123146.98
PROD_1033,Electronics,141.14,142.38,87,23,173.65,173.65,Hold Price,32.51,3993.95
PROD_1034,Apparel,75.14,441.29,45,212,118.41,118.41,Hold Price,43.27,25102.92
PROD_1035,Sports,141.21,276.82,138,297,193.8,193.8,Hold Price,52.59,57558.6
PROD_1036,Apparel,50.85,268.35,166,404,69.56,69.56,Hold Price,18.71,28102.24
PROD_1037,Sports,61.15,340.41,75,198,85.56,85.56,Hold Price,24.41,16940.88
PROD_1038,Electronics,154.53,368.12,37,411,246.89,246.89,Hold Price,92.36,101471.79
PROD_1039,Home & Living,131.49,300.57,102,164,226.48,226.48,Hold Price,94.99,37142.72
PROD_1040,Beauty,275.31,70.72,157,64,455.76,316.61,Floor Protected (Min: $316.61),41.3,20263.04
PROD_1041,Electronics,115.09,162.15,171,191,188.35,161.15,Match & Undercut,46.06,30779.65
PROD_1042,Beauty,178.37,418.72,172,219,265.88,265.88,Hold Price,87.51,58227.72
PROD_1043,Home & Living,193.36,112.71,171,385,312.52,222.36,Floor Protected (Min: $222.36),29.0,85608.6
PROD_1044,Home & Living,13.8,176.89,105,480,21.14,21.14,Hold Price,7.34,10147.2
PROD_1045,Electronics,202.43,202.95,67,84,269.18,269.18,Hold Price,66.75,22611.12
PROD_1046,Home & Living,61.63,206.14,56,286,81.67,81.67,Hold Price,20.04,23357.62
PROD_1047,Sports,288.71,281.63,177,437,397.79,332.02,Floor Protected (Min: $332.02),43.31,145092.74
PROD_1048,Home & Living,53.11,425.24,92,142,92.76,92.76,Hold Price,39.65,13171.92
PROD_1049,Beauty,130.24,119.7,23,352,199.07,199.07,Hold Price,68.83,70072.64
PROD_1050,Beauty,34.75,67.85,102,434,57.0,57.0,Hold Price,22.25,24738.0
PROD_1051,Beauty,299.09,100.9,156,68,421.1,343.95,Floor Protected (Min: $343.95),44.86,23388.6
PROD_1052,Beauty,155.64,400.81,122,354,224.84,224.84,Hold Price,69.2,79593.36
PROD_1053,Sports,182.66,295.93,94,498,232.95,232.95,Hold Price,50.29,116009.1
PROD_1054,Apparel,29.45,139.37,196,191,38.37,38.37,Hold Price,8.92,7328.67
PROD_1055,Electronics,227.49,369.94,109,467,385.92,368.94,Match & Undercut,141.45,172294.98
PROD_1056,Beauty,70.87,389.7,142,415,109.91,109.91,Hold Price,39.04,45612.65
PROD_1057,Home & Living,270.44,383.23,174,348,379.3,379.3,Hold Price,108.86,131996.4
PROD_1058,Beauty,69.49,414.73,11,330,116.86,427.17,Increase (High Demand / Low Stock),357.68,140966.1
PROD_1059,Home & Living,65.3,124.72,10,73,88.02,88.02,Hold Price,22.72,6425.46
PROD_1060,Home & Living,20.6,343.44,183,336,36.78,36.78,Hold Price,16.18,12358.08
PROD_1061,Beauty,146.9,215.33,156,269,206.67,206.67,Hold Price,59.77,55594.23
PROD_1062,Sports,173.8,381.27,35,202,243.73,243.73,Hold Price,69.93,49233.46
PROD_1063,Home & Living,29.06,331.89,130,152,40.31,40.31,Hold Price,11.25,6127.12
PROD_1064,Home & Living,234.9,352.75,161,113,299.09,299.09,Hold Price,64.19,33797.17
PROD_1065,Beauty,141.45,300.43,90,469,179.17,179.17,Hold Price,37.72,84030.73
PROD_1066,Home & Living,162.07,92.18,94,415,257.51,257.51,Hold Price,95.44,106866.65
PROD_1067,Home & Living,137.82,252.09,72,223,237.75,237.75,Hold Price,99.93,53018.25
PROD_1068,Beauty,126.22,443.33,68,251,211.33,211.33,Hold Price,85.11,53043.83
PROD_1069,Beauty,172.3,422.76,149,440,221.35,221.35,Hold Price,49.05,97394.0
PROD_1070,Electronics,55.02,33.78,118,218,84.03,63.27,Floor Protected (Min: $63.27),8.25,13792.86
PROD_1071,Sports,62.76,86.69,95,102,79.29,79.29,Hold Price,16.53,8087.58
PROD_1072,Sports,259.92,72.3,164,439,318.97,298.91,Floor Protected (Min: $298.91),38.99,131221.49
PROD_1073,Home & Living,284.37,330.8,100,151,453.24,453.24,Hold Price,168.87,68439.24
PROD_1074,Sports,118.26,370.74,114,443,179.88,179.88,Hold Price,61.62,79686.84
PROD_1075,Home & Living,88.52,107.88,104,413,110.58,106.88,Match & Undercut,18.36,44141.44
PROD_1076,Electronics,196.76,235.05,92,443,240.24,240.24,Hold Price,43.48,106426.32
PROD_1077,Beauty,128.53,380.71,91,121,230.56,230.56,Hold Price,102.03,27897.76
PROD_1078,Beauty,17.36,333.77,18,426,21.14,21.14,Hold Price,3.78,9005.64
PROD_1079,Beauty,55.28,250.87,19,384,81.08,81.08,Hold Price,25.8,31134.72
PROD_1080,Sports,217.63,271.8,174,68,327.05,270.8,Match & Undercut,53.17,18414.4
PROD_1081,Electronics,201.09,236.14,117,52,255.46,235.14,Match & Undercut,34.05,12227.28
PROD_1082,Sports,17.86,144.43,94,216,23.24,23.24,Hold Price,5.38,5019.84
PROD_1083,Sports,74.37,260.78,182,277,104.94,104.94,Hold Price,30.57,29068.38
PROD_1084,Electronics,77.01,314.67,92,305,127.61,127.61,Hold Price,50.6,38921.05
PROD_1085,Electronics,204.85,394.9,83,127,308.15,308.15,Hold Price,103.3,39135.05
PROD_1086,Electronics,15.72,291.79,69,29,24.88,24.88,Hold Price,9.16,721.52
PROD_1087,Electronics,40.19,346.09,194,231,71.98,71.98,Hold Price,31.79,16627.38
PROD_1088,Beauty,241.98,84.63,115,175,401.88,278.28,Floor Protected (Min: $278.28),36.3,48699.0
PROD_1089,Apparel,61.78,215.78,2,140,90.24,222.25,Increase (High Demand / Low Stock),160.47,31115.0
PROD_1090,Apparel,199.3,19.06,59,165,292.55,292.55,Hold Price,93.25,48270.75
PROD_1091,Electronics,79.07,122.31,155,193,124.24,121.31,Match & Undercut,42.24,23412.83
PROD_1092,Apparel,38.84,331.01,110,99,62.11,62.11,Hold Price,23.27,6148.89
PROD_1093,Apparel,80.52,446.44,149,103,120.81,120.81,Hold Price,40.29,12443.43
PROD_1094,Electronics,219.46,58.14,117,22,348.26,252.38,Floor Protected (Min: $252.38),32.92,5552.36
PROD_1095,Apparel,258.15,189.65,88,470,313.42,313.42,Hold Price,55.27,147307.4
PROD_1096,Sports,250.76,363.03,11,331,365.55,373.92,Increase (High Demand / Low Stock),123.16,123767.52
PROD_1097,Home & Living,125.18,103.76,60,302,171.17,171.17,Hold Price,45.99,51693.34
PROD_1098,Home & Living,203.74,256.46,42,442,260.28,260.28,Hold Price,56.54,115043.76
PROD_1099,Electronics,69.45,333.89,106,239,87.49,87.49,Hold Price,18.04,20910.11
PROD_1100,Beauty,95.01,282.95,134,331,148.4,148.4,Hold Price,53.39,49120.4
PROD_1101,Electronics,269.94,96.79,123,301,408.73,310.43,Floor Protected (Min: $310.43),40.49,93439.43
PROD_1102,Beauty,13.77,169.59,194,447,18.62,18.62,Hold Price,4.85,8323.14
PROD_1103,Home & Living,34.8,355.95,146,35,51.59,51.59,Hold Price,16.79,1805.65
PROD_1104,Electronics,70.29,256.09,23,84,105.11,105.11,Hold Price,34.82,8829.24
PROD_1105,Sports,17.69,17.27,99,465,23.3,23.3,Hold Price,5.61,10834.5
PROD_1106,Apparel,62.62,346.03,170,373,99.64,99.64,Hold Price,37.02,37165.72
PROD_1107,Beauty,179.08,30.36,69,433,298.8,298.8,Hold Price,119.72,129380.4
PROD_1108,Apparel,132.21,339.39,198,308,221.44,221.44,Hold Price,89.23,68203.52
PROD_1109,Apparel,268.87,103.08,140,159,419.84,309.2,Floor Protected (Min: $309.2),40.33,49162.8
PROD_1110,Electronics,247.06,431.76,57,157,372.32,372.32,Hold Price,125.26,58454.24
PROD_1111,Apparel,109.13,175.05,180,17,134.95,134.95,Hold Price,25.82,2294.15
PROD_1112,Sports,85.23,157.22,150,38,117.0,117.0,Hold Price,31.77,4446.0
PROD_1113,Apparel,120.11,79.77,100,305,150.85,150.85,Hold Price,30.74,46009.25
PROD_1114,Electronics,181.19,147.94,77,483,322.21,322.21,Hold Price,141.02,155627.43
PROD_1115,Sports,87.74,396.34,27,423,112.4,112.4,Hold Price,24.66,47545.2
PROD_1116,Home & Living,191.0,448.41,116,218,246.59,246.59,Hold Price,55.59,53756.62
PROD_1117,Apparel,128.73,175.21,148,137,223.19,174.21,Match & Undercut,45.48,23866.77
PROD_1118,Electronics,170.09,210.15,110,349,300.44,209.15,Match & Undercut,39.06,72993.35
PROD_1119,Home & Living,136.48,329.1,189,125,226.49,226.49,Hold Price,90.01,28311.25
PROD_1120,Home & Living,95.4,400.5,48,448,114.79,114.79,Hold Price,19.39,51425.92
PROD_1121,Beauty,285.05,272.97,72,153,342.29,342.29,Hold Price,57.24,52370.37
PROD_1122,Sports,231.45,185.31,155,439,330.25,266.17,Floor Protected (Min: $266.17),34.72,116848.63
PROD_1123,Apparel,50.63,194.49,41,327,65.11,65.11,Hold Price,14.48,21290.97
PROD_1124,Electronics,261.86,317.59,134,244,317.12,317.12,Hold Price,55.26,77377.28
PROD_1125,Beauty,151.36,16.4,150,16,223.78,174.06,Floor Protected (Min: $174.06),22.7,2784.96
PROD_1126,Sports,269.42,284.52,133,473,475.75,309.83,Floor Protected (Min: $309.83),40.41,146549.59
PROD_1127,Beauty,241.96,169.64,24,54,337.36,337.36,Hold Price,95.4,18217.44
PROD_1128,Sports,133.31,360.48,107,452,212.85,212.85,Hold Price,79.54,96208.2
PROD_1129,Sports,16.52,55.45,85,248,26.29,26.29,Hold Price,9.77,6519.92
PROD_1130,Apparel,87.92,270.87,144,449,118.75,118.75,Hold Price,30.83,53318.75
PROD_1131,Sports,167.07,224.22,117,441,265.68,223.22,Match & Undercut,56.15,98440.02
PROD_1132,Beauty,193.71,294.41,110,164,257.13,257.13,Hold Price,63.42,42169.32
PROD_1133,Sports,84.79,43.21,137,190,107.96,97.51,Floor Protected (Min: $97.51),12.72,18526.9
PROD_1134,Apparel,50.41,267.29,42,224,81.71,81.71,Hold Price,31.3,18303.04
PROD_1135,Apparel,252.13,259.25,113,97,319.72,289.95,Floor Protected (Min: $289.95),37.82,28125.15
PROD_1136,Beauty,295.48,258.89,148,265,531.32,339.8,Floor Protected (Min: $339.8),44.32,90047.0
PROD_1137,Home & Living,162.45,277.52,113,82,212.82,212.82,Hold Price,50.37,17451.24
PROD_1138,Home & Living,59.79,309.26,104,428,93.06,93.06,Hold Price,33.27,39829.68
PROD_1139,Sports,88.97,365.17,47,188,128.72,128.72,Hold Price,39.75,24199.36
PROD_1140,Electronics,15.33,132.37,157,221,19.56,19.56,Hold Price,4.23,4322.76
PROD_1141,Sports,275.15,373.9,69,302,334.78,334.78,Hold Price,59.63,101103.56
PROD_1142,Beauty,44.15,231.74,123,243,69.48,69.48,Hold Price,25.33,16883.64
PROD_1143,Beauty,177.19,48.52,16,474,298.4,298.4,Hold Price,121.21,141441.6
PROD_1144,Beauty,89.48,40.47,166,248,152.58,102.9,Floor Protected (Min: $102.9),13.42,25519.2
PROD_1145,Beauty,170.71,160.39,130,232,254.29,196.32,Floor Protected (Min: $196.32),25.61,45546.24
PROD_1146,Beauty,198.91,356.43,196,128,331.48,331.48,Hold Price,132.57,42429.44
PROD_1147,Apparel,250.63,322.84,112,322,401.94,321.84,Match & Undercut,71.21,103632.48
PROD_1148,Home & Living,69.86,358.05,25,273,114.19,114.19,Hold Price,44.33,31173.87
PROD_1149,Beauty,13.19,240.01,28,216,19.73,19.73,Hold Price,6.54,4261.68
PROD_1150,Electronics,49.7,206.49,41,104,78.53,78.53,Hold Price,28.83,8167.12
PROD_1151,Electronics,271.01,79.14,192,382,456.2,311.66,Floor Protected (Min: $311.66),40.65,119054.12
PROD_1152,Electronics,263.43,157.76,190,231,379.0,302.94,Floor Protected (Min: $302.94),39.51,69979.14
PROD_1153,Electronics,183.25,203.8,165,375,308.52,210.74,Floor Protected (Min: $210.74),27.49,79027.5
PROD_1154,Apparel,184.15,53.54,25,285,286.39,286.39,Hold Price,102.24,81621.15
PROD_1155,Electronics,202.86,110.97,25,389,263.62,263.62,Hold Price,60.76,102548.18
PROD_1156,Beauty,60.86,275.23,5,240,73.93,283.49,Increase (High Demand / Low Stock),222.63,68037.6
PROD_1157,Sports,275.18,335.01,68,318,390.11,390.11,Hold Price,114.93,124054.98
PROD_1158,Electronics,131.44,449.28,35,128,200.84,200.84,Hold Price,69.4,25707.52
PROD_1159,Apparel,121.11,420.9,186,277,206.36,206.36,Hold Price,85.25,57161.72
PROD_1160,Apparel,160.49,294.52,178,442,204.86,204.86,Hold Price,44.37,90548.12
PROD_1161,Electronics,23.62,198.24,182,282,39.68,39.68,Hold Price,16.06,11189.76
PROD_1162,Sports,58.22,291.74,117,73,100.01,100.01,Hold Price,41.79,7300.73
PROD_1163,Electronics,224.03,356.76,24,307,289.09,289.09,Hold Price,65.06,88750.63
PROD_1164,Apparel,34.01,66.48,110,359,58.19,58.19,Hold Price,24.18,20890.21
PROD_1165,Home & Living,184.91,193.31,70,422,331.89,331.89,Hold Price,146.98,140057.58
PROD_1166,Beauty,81.15,380.31,96,412,132.77,132.77,Hold Price,51.62,54701.24
PROD_1167,Apparel,122.9,181.97,182,20,205.35,180.97,Match & Undercut,58.07,3619.4
PROD_1168,Electronics,93.72,263.76,63,107,168.38,168.38,Hold Price,74.66,18016.66
PROD_1169,Beauty,113.15,270.68,170,443,176.89,176.89,Hold Price,63.74,78362.27
PROD_1170,Electronics,218.52,95.25,58,80,302.59,302.59,Hold Price,84.07,24207.2
PROD_1171,Electronics,96.17,172.57,189,373,163.73,163.73,Hold Price,67.56,61071.29
PROD_1172,Home & Living,174.26,160.51,55,67,273.36,273.36,Hold Price,99.1,18315.12
PROD_1173,Beauty,148.05,26.4,71,299,229.29,229.29,Hold Price,81.24,68557.71
PROD_1174,Beauty,202.46,25.52,102,260,273.76,232.83,Floor Protected (Min: $232.83),30.37,60535.8
PROD_1175,Home & Living,281.68,376.79,58,285,465.84,465.84,Hold Price,184.16,132764.4
PROD_1176,Apparel,222.45,133.79,139,59,277.84,255.82,Floor Protected (Min: $255.82),33.37,15093.38
PROD_1177,Electronics,72.33,240.36,169,367,126.91,126.91,Hold Price,54.58,46575.97
PROD_1178,Sports,19.04,144.95,136,225,26.57,26.57,Hold Price,7.53,5978.25
PROD_1179,Electronics,86.06,424.2,104,403,109.87,109.87,Hold Price,23.81,44277.61
PROD_1180,Electronics,182.57,127.79,167,425,267.54,209.96,Floor Protected (Min: $209.96),27.39,89233.0
PROD_1181,Apparel,24.91,201.9,86,61,30.53,30.53,Hold Price,5.62,1862.33
PROD_1182,Electronics,153.95,394.64,62,280,247.98,247.98,Hold Price,94.03,69434.4
PROD_1183,Home & Living,183.08,381.24,4,494,318.86,392.68,Increase (High Demand / Low Stock),209.6,193983.92
PROD_1184,Home & Living,106.93,95.95,129,93,182.03,122.97,Floor Protected (Min: $122.97),16.04,11436.21
PROD_1185,Beauty,233.56,364.15,180,396,298.12,298.12,Hold Price,64.56,118055.52
PROD_1186,Sports,40.91,214.31,87,302,52.19,52.19,Hold Price,11.28,15761.38
PROD_1187,Electronics,31.79,225.09,48,135,53.66,53.66,Hold Price,21.87,7244.1
PROD_1188,Electronics,221.17,73.06,197,305,388.05,254.35,Floor Protected (Min: $254.35),33.18,77576.75
PROD_1189,Apparel,153.69,50.06,77,81,226.91,226.91,Hold Price,73.22,18379.71
PROD_1190,Home & Living,209.64,331.65,39,305,314.33,314.33,Hold Price,104.69,95870.65
PROD_1191,Sports,136.1,230.96,165,245,189.31,189.31,Hold Price,53.21,46380.95
PROD_1192,Beauty,81.46,205.03,170,65,141.46,141.46,Hold Price,60.0,9194.9
PROD_1193,Home & Living,247.54,332.34,198,416,392.83,331.34,Match & Undercut,83.8,137837.44
PROD_1194,Beauty,241.83,348.0,142,369,332.02,332.02,Hold Price,90.19,122515.38
PROD_1195,Apparel,211.46,84.13,88,404,291.66,291.66,Hold Price,80.2,117830.64
PROD_1196,Apparel,88.92,280.45,59,119,154.25,154.25,Hold Price,65.33,18355.75
PROD_1197,Electronics,181.17,73.88,51,201,218.89,218.89,Hold Price,37.72,43996.89
PROD_1198,Sports,114.68,341.85,31,401,159.82,159.82,Hold Price,45.14,64087.82
PROD_1199,Beauty,36.56,300.78,191,102,56.03,56.03,Hold Price,19.47,5715.06
PROD_1200,Home & Living,276.02,431.13,102,359,355.77,355.77,Hold Price,79.75,127721.43
PROD_1201,Apparel,49.68,45.0,26,65,62.36,62.36,Hold Price,12.68,4053.4
PROD_1202,Electronics,285.57,39.82,113,69,482.38,328.41,Floor Protected (Min: $328.41),42.84,22660.29
PROD_1203,Electronics,139.34,137.75,156,147,241.98,160.24,Floor Protected (Min: $160.24),20.9,23555.28
PROD_1204,Beauty,63.69,128.84,180,48,107.9,107.9,Hold Price,44.21,5179.2
PROD_1205,Apparel,167.15,122.44,186,37,290.72,192.22,Floor Protected (Min: $192.22),25.07,7112.14
PROD_1206,Sports,263.15,409.22,127,58,403.11,403.11,Hold Price,139.96,23380.38
PROD_1207,Apparel,222.35,123.55,124,429,375.18,255.7,Floor Protected (Min: $255.7),33.35,109695.3
PROD_1208,Beauty,243.9,133.3,48,134,348.88,348.88,Hold Price,104.98,46749.92
PROD_1209,Beauty,201.05,345.34,119,22,321.63,321.63,Hold Price,120.58,7075.86
PROD_1210,Apparel,210.76,210.64,40,489,377.96,377.96,Hold Price,167.2,184822.44
PROD_1211,Beauty,256.27,352.87,17,45,342.23,342.23,Hold Price,85.96,15400.35
PROD_1212,Apparel,82.4,43.43,23,110,118.16,118.16,Hold Price,35.76,12997.6
PROD_1213,Home & Living,151.93,227.09,55,291,226.08,226.08,Hold Price,74.15,65789.28
PROD_1214,Apparel,74.15,29.62,150,95,95.12,85.27,Floor Protected (Min: $85.27),11.12,8100.65
PROD_1215,Apparel,296.42,42.25,17,13,370.12,370.12,Hold Price,73.7,4811.56
PROD_1216,Beauty,283.78,409.3,60,232,481.81,481.81,Hold Price,198.03,111779.92
PROD_1217,Beauty,21.43,75.57,32,347,38.28,38.28,Hold Price,16.85,13283.16
PROD_1218,Electronics,214.62,246.6,171,457,309.66,246.81,Floor Protected (Min: $246.81),32.19,112792.17
PROD_1219,Electronics,278.32,193.83,33,175,348.62,348.62,Hold Price,70.3,61008.5
PROD_1220,Home & Living,62.37,166.09,188,392,77.31,77.31,Hold Price,14.94,30305.52
PROD_1221,Electronics,174.7,406.43,163,353,303.07,303.07,Hold Price,128.37,106983.71
PROD_1222,Apparel,275.49,24.49,10,392,407.25,316.81,Floor Protected (Min: $316.81),41.32,124189.52
PROD_1223,Beauty,19.84,303.75,140,385,27.62,27.62,Hold Price,7.78,10633.7
PROD_1224,Electronics,212.25,434.08,11,480,315.38,447.1,Increase (High Demand / Low Stock),234.85,214608.0
PROD_1225,Electronics,96.23,258.67,18,287,133.85,133.85,Hold Price,37.62,38414.95
PROD_1226,Home & Living,278.07,422.52,69,139,415.28,415.28,Hold Price,137.21,57723.92
PROD_1227,Home & Living,291.61,37.73,49,40,500.33,500.33,Hold Price,208.72,20013.2
PROD_1228,Apparel,283.84,197.18,181,384,441.48,326.42,Floor Protected (Min: $326.42),42.58,125345.28
PROD_1229,Beauty,147.52,128.17,112,20,238.51,169.65,Floor Protected (Min: $169.65),22.13,3393.0
PROD_1230,Home & Living,259.99,332.91,154,485,368.87,331.91,Match & Undercut,71.92,160976.35
PROD_1231,Electronics,254.92,441.86,124,311,418.86,418.86,Hold Price,163.94,130265.46
PROD_1232,Beauty,102.54,126.59,150,105,164.06,125.59,Match & Undercut,23.05,13186.95
PROD_1233,Beauty,250.39,299.57,102,199,318.43,298.57,Match & Undercut,48.18,59415.43
PROD_1234,Electronics,20.73,101.17,103,462,32.0,32.0,Hold Price,11.27,14784.0
PROD_1235,Home & Living,182.92,260.92,66,201,247.68,247.68,Hold Price,64.76,49783.68
PROD_1236,Electronics,76.7,216.81,192,495,129.04,129.04,Hold Price,52.34,63874.8
PROD_1237,Beauty,44.96,437.82,52,275,65.44,65.44,Hold Price,20.48,17996.0
PROD_1238,Sports,32.32,279.71,37,433,58.07,58.07,Hold Price,25.75,25144.31
PROD_1239,Sports,211.92,167.04,82,137,266.07,266.07,Hold Price,54.15,36451.59
PROD_1240,Apparel,108.56,64.63,128,247,181.1,124.84,Floor Protected (Min: $124.84),16.28,30835.48
PROD_1241,Electronics,220.18,80.79,89,417,353.22,353.22,Hold Price,133.04,147292.74
PROD_1242,Electronics,28.95,113.01,195,364,48.07,48.07,Hold Price,19.12,17497.48
PROD_1243,Apparel,101.43,124.17,105,437,140.43,123.17,Match & Undercut,21.74,53825.29
PROD_1244,Apparel,166.45,385.02,16,121,248.88,248.88,Hold Price,82.43,30114.48
PROD_1245,Apparel,239.31,259.13,97,325,401.54,401.54,Hold Price,162.23,130500.5
PROD_1246,Beauty,102.44,242.68,168,455,137.22,137.22,Hold Price,34.78,62435.1
PROD_1247,Electronics,191.51,64.92,124,352,255.78,220.24,Floor Protected (Min: $220.24),28.73,77524.48
PROD_1248,Beauty,266.93,389.16,199,154,408.57,388.16,Match & Undercut,121.23,59776.64
PROD_1249,Apparel,188.6,329.42,2,74,285.57,285.57,Hold Price,96.97,21132.18
PROD_1250,Electronics,77.56,44.44,152,256,106.21,89.19,Floor Protected (Min: $89.19),11.63,22832.64
PROD_1251,Beauty,17.08,322.91,123,232,23.55,23.55,Hold Price,6.47,5463.6
PROD_1252,Beauty,262.33,251.44,168,488,358.53,301.68,Floor Protected (Min: $301.68),39.35,147219.84
PROD_1253,Apparel,16.17,50.55,127,499,26.89,26.89,Hold Price,10.72,13418.11
PROD_1254,Electronics,263.66,214.36,58,322,419.52,419.52,Hold Price,155.86,135085.44
PROD_1255,Apparel,163.39,225.84,82,448,277.67,277.67,Hold Price,114.28,124396.16
PROD_1256,Electronics,282.33,87.11,163,115,504.04,324.68,Floor Protected (Min: $324.68),42.35,37338.2
PROD_1257,Sports,241.65,426.38,170,190,358.73,358.73,Hold Price,117.08,68158.7
PROD_1258,Home & Living,299.4,384.74,74,193,371.26,371.26,Hold Price,71.86,71653.18
PROD_1259,Home & Living,111.71,306.02,142,235,137.28,137.28,Hold Price,25.57,32260.8
PROD_1260,Home & Living,232.48,216.1,71,274,320.22,320.22,Hold Price,87.74,87740.28
PROD_1261,Apparel,126.56,194.12,7,287,222.69,199.94,Increase (High Demand / Low Stock),73.38,57382.78
PROD_1262,Sports,149.16,298.17,85,406,225.82,225.82,Hold Price,76.66,91682.92
PROD_1263,Electronics,191.98,252.26,53,98,261.68,261.68,Hold Price,69.7,25644.64
PROD_1264,Beauty,263.37,42.09,4,185,379.12,302.88,Floor Protected (Min: $302.88),39.51,56032.8
PROD_1265,Electronics,295.38,237.94,82,27,460.54,460.54,Hold Price,165.16,12434.58
PROD_1266,Beauty,232.8,365.79,64,380,370.56,370.56,Hold Price,137.76,140812.8
PROD_1267,Electronics,131.15,214.77,50,469,169.49,169.49,Hold Price,38.34,79490.81
PROD_1268,Sports,132.19,37.6,77,433,236.12,236.12,Hold Price,103.93,102239.96
PROD_1269,Beauty,223.9,357.03,113,410,341.86,341.86,Hold Price,117.96,140162.6
PROD_1270,Apparel,79.25,102.59,176,408,101.55,101.55,Hold Price,22.3,41432.4
PROD_1271,Electronics,42.04,127.5,110,115,72.99,72.99,Hold Price,30.95,8393.85
PROD_1272,Electronics,112.84,86.65,184,280,140.46,129.77,Floor Protected (Min: $129.77),16.93,36335.6
PROD_1273,Beauty,93.3,158.64,193,472,162.78,157.64,Match & Undercut,64.34,74406.08
PROD_1274,Apparel,95.93,344.19,66,328,172.48,172.48,Hold Price,76.55,56573.44
PROD_1275,Apparel,77.75,240.93,82,176,125.98,125.98,Hold Price,48.23,22172.48
PROD_1276,Sports,22.21,104.12,196,22,36.92,36.92,Hold Price,14.71,812.24
PROD_1277,Apparel,15.18,396.86,16,346,21.29,21.29,Hold Price,6.11,7366.34
PROD_1278,Apparel,296.44,397.62,101,41,523.2,396.62,Match & Undercut,100.18,16261.42
PROD_1279,Apparel,134.05,393.7,33,402,203.46,203.46,Hold Price,69.41,81790.92
PROD_1280,Home & Living,121.45,118.88,97,49,199.11,199.11,Hold Price,77.66,9756.39
PROD_1281,Sports,207.1,211.29,129,157,363.35,238.16,Floor Protected (Min: $238.16),31.06,37391.12
PROD_1282,Electronics,73.29,443.47,197,227,130.83,130.83,Hold Price,57.54,29698.41
PROD_1283,Beauty,285.49,350.83,147,228,485.31,349.83,Match & Undercut,64.34,79761.24
PROD_1284,Electronics,238.04,26.82,114,478,328.93,273.75,Floor Protected (Min: $273.75),35.71,130852.5
PROD_1285,Sports,35.93,43.36,84,91,63.95,63.95,Hold Price,28.02,5819.45
PROD_1286,Beauty,131.1,216.81,44,342,206.73,206.73,Hold Price,75.63,70701.66
PROD_1287,Sports,264.94,410.51,117,217,465.87,409.51,Match & Undercut,144.57,88863.67
PROD_1288,Apparel,283.97,249.34,164,210,455.96,326.57,Floor Protected (Min: $326.57),42.6,68579.7
PROD_1289,Beauty,145.55,231.55,79,456,201.49,201.49,Hold Price,55.94,91879.44
PROD_1290,Apparel,187.89,60.88,59,341,267.18,267.18,Hold Price,79.29,91108.38
PROD_1291,Electronics,58.44,300.7,34,437,89.43,89.43,Hold Price,30.99,39080.91
PROD_1292,Electronics,297.44,372.61,15,47,497.92,497.92,Hold Price,200.48,23402.24
PROD_1293,Beauty,77.18,180.48,163,220,107.34,107.34,Hold Price,30.16,23614.8
PROD_1294,Beauty,283.39,352.39,190,453,438.64,351.39,Match & Undercut,68.0,159179.67
PROD_1295,Sports,198.4,434.55,133,336,279.22,279.22,Hold Price,80.82,93817.92
PROD_1296,Sports,186.24,103.64,60,258,314.65,314.65,Hold Price,128.41,81179.7
PROD_1297,Apparel,158.68,242.65,158,236,234.85,234.85,Hold Price,76.17,55424.6
PROD_1298,Beauty,76.89,139.91,84,57,95.81,95.81,Hold Price,18.92,5461.17
PROD_1299,Electronics,61.19,359.89,135,27,79.52,79.52,Hold Price,18.33,2147.04
PROD_1300,Sports,73.94,266.25,122,409,91.44,91.44,Hold Price,17.5,37398.96
PROD_1301,Sports,64.07,291.04,178,448,96.08,96.08,Hold Price,32.01,43043.84
PROD_1302,Electronics,236.08,362.09,169,304,298.36,298.36,Hold Price,62.28,90701.44
PROD_1303,Sports,111.54,187.25,84,205,141.49,141.49,Hold Price,29.95,29005.45
PROD_1304,Apparel,26.77,413.06,194,196,47.24,47.24,Hold Price,20.47,9259.04
PROD_1305,Beauty,291.04,246.87,198,354,501.63,334.7,Floor Protected (Min: $334.7),43.66,118483.8
PROD_1306,Electronics,266.3,83.71,28,233,391.79,391.79,Hold Price,125.49,91287.07
PROD_1307,Beauty,279.05,317.72,81,327,499.91,499.91,Hold Price,220.86,163470.57
PROD_1308,Sports,298.52,360.07,135,497,358.26,358.26,Hold Price,59.74,178055.22
PROD_1309,Sports,60.43,152.79,14,406,94.78,157.37,Increase (High Demand / Low Stock),96.94,63892.22
PROD_1310,Electronics,124.91,387.87,65,374,196.09,196.09,Hold Price,71.18,73337.66
PROD_1311,Apparel,229.89,409.17,191,346,338.96,338.96,Hold Price,109.07,117280.16
PROD_1312,Home & Living,211.85,135.45,148,238,304.68,243.63,Floor Protected (Min: $243.63),31.78,57983.94
PROD_1313,Electronics,54.63,442.83,81,399,80.48,80.48,Hold Price,25.85,32111.52
PROD_1314,Home & Living,246.59,76.21,124,476,357.3,283.58,Floor Protected (Min: $283.58),36.99,134984.08
PROD_1315,Home & Living,75.09,102.88,44,86,123.02,123.02,Hold Price,47.93,10579.72
PROD_1316,Apparel,74.91,95.14,90,197,95.98,95.98,Hold Price,21.07,18908.06
PROD_1317,Home & Living,165.72,403.89,149,355,218.52,218.52,Hold Price,52.8,77574.6
PROD_1318,Home & Living,181.95,299.62,96,279,238.05,238.05,Hold Price,56.1,66415.95
PROD_1319,Apparel,178.23,81.17,197,104,241.94,204.96,Floor Protected (Min: $204.96),26.73,21315.84
PROD_1320,Home & Living,36.53,206.54,173,319,55.35,55.35,Hold Price,18.82,17656.65
PROD_1321,Home & Living,264.46,282.65,152,141,335.0,304.13,Floor Protected (Min: $304.13),39.67,42882.33
PROD_1322,Home & Living,87.02,51.31,3,48,149.75,149.75,Hold Price,62.73,7188.0
PROD_1323,Electronics,47.56,398.85,121,81,65.56,65.56,Hold Price,18.0,5310.36
PROD_1324,Electronics,267.74,364.57,23,290,347.4,347.4,Hold Price,79.66,100746.0
PROD_1325,Electronics,287.14,234.76,116,342,460.97,330.21,Floor Protected (Min: $330.21),43.07,112931.82
PROD_1326,Apparel,260.02,435.7,58,169,317.97,317.97,Hold Price,57.95,53736.93
PROD_1327,Sports,244.76,196.73,73,196,384.76,384.76,Hold Price,140.0,75412.96
PROD_1328,Home & Living,200.02,443.09,8,495,323.82,456.38,Increase (High Demand / Low Stock),256.36,225908.1
PROD_1329,Home & Living,169.75,305.55,185,200,225.59,225.59,Hold Price,55.84,45118.0
PROD_1330,Apparel,35.23,291.08,120,431,43.16,43.16,Hold Price,7.93,18601.96
PROD_1331,Home & Living,128.45,87.19,196,129,182.17,147.72,Floor Protected (Min: $147.72),19.27,19055.88
PROD_1332,Electronics,118.08,398.64,115,229,148.68,148.68,Hold Price,30.6,34047.72
PROD_1333,Sports,85.33,200.96,17,62,108.36,108.36,Hold Price,23.03,6718.32
PROD_1334,Beauty,219.79,85.57,84,231,297.28,297.28,Hold Price,77.49,68671.68
PROD_1335,Home & Living,153.8,20.48,180,460,211.83,176.87,Floor Protected (Min: $176.87),23.07,81360.2
PROD_1336,Electronics,33.5,258.49,73,421,50.85,50.85,Hold Price,17.35,21407.85
PROD_1337,Beauty,73.85,244.42,125,140,118.68,118.68,Hold Price,44.83,16615.2
PROD_1338,Sports,208.15,327.92,114,246,323.81,323.81,Hold Price,115.66,79657.26
PROD_1339,Beauty,32.08,402.26,13,255,41.35,414.33,Increase (High Demand / Low Stock),382.25,105654.15
PROD_1340,Electronics,256.85,49.54,127,235,334.74,295.38,Floor Protected (Min: $295.38),38.53,69414.3
PROD_1341,Beauty,153.59,333.2,54,217,265.29,265.29,Hold Price,111.7,57567.93
PROD_1342,Apparel,149.37,96.52,76,415,229.28,229.28,Hold Price,79.91,95151.2
PROD_1343,Beauty,181.8,388.31,134,105,313.05,313.05,Hold Price,131.25,32870.25
PROD_1344,Home & Living,249.16,371.29,28,431,354.54,354.54,Hold Price,105.38,152806.74
PROD_1345,Home & Living,110.86,250.25,141,209,173.9,173.9,Hold Price,63.04,36345.1
PROD_1346,Apparel,206.62,323.96,146,256,312.86,312.86,Hold Price,106.24,80092.16
PROD_1347,Electronics,174.06,151.74,135,81,242.2,200.17,Floor Protected (Min: $200.17),26.11,16213.77
PROD_1348,Home & Living,87.44,219.96,98,327,129.58,129.58,Hold Price,42.14,42372.66
PROD_1349,Sports,264.8,372.41,6,194,397.6,383.58,Increase (High Demand / Low Stock),118.78,74414.52
PROD_1350,Home & Living,241.25,214.78,58,15,318.56,318.56,Hold Price,77.31,4778.4
PROD_1351,Home & Living,200.95,170.64,157,215,279.12,231.09,Floor Protected (Min: $231.09),30.14,49684.35
PROD_1352,Electronics,256.67,229.98,79,41,429.88,429.88,Hold Price,173.21,17625.08
PROD_1353,Beauty,261.52,375.29,70,108,457.52,457.52,Hold Price,196.0,49412.16
PROD_1354,Home & Living,215.43,160.82,119,403,305.02,247.74,Floor Protected (Min: $247.74),32.31,99839.22
PROD_1355,Apparel,252.73,90.59,121,396,349.82,290.64,Floor Protected (Min: $290.64),37.91,115093.44
PROD_1356,Beauty,212.27,324.73,60,265,279.58,279.58,Hold Price,67.31,74088.7
PROD_1357,Sports,207.24,374.3,34,196,333.05,333.05,Hold Price,125.81,65277.8
PROD_1358,Electronics,189.4,58.78,63,85,264.0,264.0,Hold Price,74.6,22440.0
PROD_1359,Sports,228.29,119.35,51,186,409.24,409.24,Hold Price,180.95,76118.64
PROD_1360,Beauty,56.0,76.76,113,324,78.14,75.76,Match & Undercut,19.76,24546.24
PROD_1361,Beauty,265.45,166.35,20,296,381.31,381.31,Hold Price,115.86,112867.76
PROD_1362,Beauty,262.83,210.9,198,358,410.54,302.25,Floor Protected (Min: $302.25),39.42,108205.5
PROD_1363,Sports,18.48,340.74,124,264,31.07,31.07,Hold Price,12.59,8202.48
PROD_1364,Beauty,249.49,298.25,195,334,369.67,297.25,Match & Undercut,47.76,99281.5
PROD_1365,Sports,47.37,285.1,48,199,68.86,68.86,Hold Price,21.49,13703.14
PROD_1366,Beauty,107.18,168.28,168,317,192.64,167.28,Match & Undercut,60.1,53027.76
PROD_1367,Apparel,225.62,381.03,197,354,272.16,272.16,Hold Price,46.54,96344.64
PROD_1368,Beauty,56.62,220.01,34,136,98.35,98.35,Hold Price,41.73,13375.6
PROD_1369,Sports,247.21,440.91,142,434,318.77,318.77,Hold Price,71.56,138346.18
PROD_1370,Home & Living,251.32,290.85,85,296,420.1,420.1,Hold Price,168.78,124349.6
PROD_1371,Beauty,157.17,69.93,183,263,246.88,180.75,Floor Protected (Min: $180.75),23.58,47537.25
PROD_1372,Home & Living,11.85,309.14,136,222,16.65,16.65,Hold Price,4.8,3696.3
PROD_1373,Apparel,93.24,156.42,80,259,160.78,160.78,Hold Price,67.54,41642.02
PROD_1374,Electronics,188.91,313.55,15,93,228.15,228.15,Hold Price,39.24,21217.95
PROD_1375,Apparel,294.54,45.29,148,496,393.51,338.72,Floor Protected (Min: $338.72),44.18,168005.12
PROD_1376,Beauty,193.23,91.07,129,392,297.6,222.21,Floor Protected (Min: $222.21),28.98,87106.32
PROD_1377,Home & Living,85.34,387.25,55,415,120.41,120.41,Hold Price,35.07,49970.15
PROD_1378,Home & Living,193.86,113.82,149,397,303.63,222.94,Floor Protected (Min: $222.94),29.08,88507.18
PROD_1379,Sports,166.6,379.11,30,22,202.33,202.33,Hold Price,35.73,4451.26
PROD_1380,Home & Living,236.16,136.49,25,54,299.89,299.89,Hold Price,63.73,16194.06
PROD_1381,Sports,41.02,294.65,83,136,52.35,52.35,Hold Price,11.33,7119.6
PROD_1382,Electronics,230.7,316.96,64,435,303.04,303.04,Hold Price,72.34,131822.4
PROD_1383,Beauty,166.97,238.0,106,123,246.38,237.0,Match & Undercut,70.03,29151.0
PROD_1384,Sports,289.27,147.81,58,442,477.66,477.66,Hold Price,188.39,211125.72
PROD_1385,Electronics,109.14,107.5,137,285,190.27,125.51,Floor Protected (Min: $125.51),16.37,35770.35
PROD_1386,Home & Living,193.46,29.44,63,214,329.12,329.12,Hold Price,135.66,70431.68
PROD_1387,Home & Living,280.29,147.22,158,346,369.46,322.33,Floor Protected (Min: $322.33),42.04,111526.18
PROD_1388,Electronics,39.73,299.13,18,447,58.19,58.19,Hold Price,18.46,26010.93
PROD_1389,Home & Living,281.8,423.16,67,429,371.88,371.88,Hold Price,90.08,159536.52
PROD_1390,Electronics,209.49,393.97,7,490,284.63,405.79,Increase (High Demand / Low Stock),196.3,198837.1
PROD_1391,Sports,29.67,348.24,59,394,44.57,44.57,Hold Price,14.9,17560.58
PROD_1392,Sports,97.28,357.97,70,408,120.71,120.71,Hold Price,23.43,49249.68
PROD_1393,Electronics,215.37,304.27,157,470,286.64,286.64,Hold Price,71.27,134720.8
PROD_1394,Sports,29.53,128.22,63,282,52.01,52.01,Hold Price,22.48,14666.82
PROD_1395,Sports,178.83,409.63,170,417,264.61,264.61,Hold Price,85.78,110342.37
PROD_1396,Sports,110.31,306.77,198,67,161.85,161.85,Hold Price,51.54,10843.95
PROD_1397,Apparel,190.07,258.79,83,337,229.75,229.75,Hold Price,39.68,77425.75
PROD_1398,Beauty,23.27,63.28,170,228,31.38,31.38,Hold Price,8.11,7154.64
PROD_1399,Home & Living,262.75,209.47,178,118,451.87,302.16,Floor Protected (Min: $302.16),39.41,35654.88
PROD_1400,Apparel,292.31,215.26,178,288,379.65,336.16,Floor Protected (Min: $336.16),43.85,96814.08
PROD_1401,Sports,290.97,391.09,72,183,421.64,421.64,Hold Price,130.67,77160.12
PROD_1402,Electronics,227.4,252.79,132,337,274.84,261.51,Floor Protected (Min: $261.51),34.11,88128.87
PROD_1403,Sports,47.73,180.47,11,273,70.97,185.88,Increase (High Demand / Low Stock),138.15,50745.24
PROD_1404,Beauty,229.9,439.91,99,324,278.78,278.78,Hold Price,48.88,90324.72
PROD_1405,Sports,17.13,63.16,90,483,28.98,28.98,Hold Price,11.85,13997.34
PROD_1406,Electronics,16.42,198.81,36,120,27.83,27.83,Hold Price,11.41,3339.6
PROD_1407,Beauty,103.85,33.28,3,196,173.7,119.43,Floor Protected (Min: $119.43),15.58,23408.28
PROD_1408,Sports,151.71,336.86,125,278,207.85,207.85,Hold Price,56.14,57782.3
PROD_1409,Beauty,233.42,414.36,25,432,397.36,397.36,Hold Price,163.94,171659.52
PROD_1410,Home & Living,208.16,136.82,75,238,317.61,317.61,Hold Price,109.45,75591.18
PROD_1411,Home & Living,139.31,388.38,167,165,198.42,198.42,Hold Price,59.11,32739.3
PROD_1412,Sports,89.35,142.11,23,482,140.74,140.74,Hold Price,51.39,67836.68
PROD_1413,Beauty,299.17,411.19,155,198,361.22,361.22,Hold Price,62.05,71521.56
PROD_1414,Electronics,133.59,342.97,172,281,171.77,171.77,Hold Price,38.18,48267.37
PROD_1415,Sports,140.9,365.13,184,384,231.83,231.83,Hold Price,90.93,89022.72
PROD_1416,Home & Living,57.45,22.83,40,11,77.36,77.36,Hold Price,19.91,850.96
PROD_1417,Home & Living,240.49,433.82,158,255,374.88,374.88,Hold Price,134.39,95594.4
PROD_1418,Sports,211.17,331.1,21,219,302.2,302.2,Hold Price,91.03,66181.8
PROD_1419,Beauty,74.02,147.57,42,410,126.79,126.79,Hold Price,52.77,51983.9
PROD_1420,Home & Living,33.89,375.79,183,295,60.03,60.03,Hold Price,26.14,17708.85
PROD_1421,Beauty,207.34,137.46,149,368,358.73,238.44,Floor Protected (Min: $238.44),31.1,87745.92
PROD_1422,Home & Living,199.81,394.65,109,22,272.22,272.22,Hold Price,72.41,5988.84
PROD_1423,Home & Living,89.25,63.97,148,105,117.5,102.64,Floor Protected (Min: $102.64),13.39,10777.2
PROD_1424,Apparel,285.75,321.1,85,230,424.24,424.24,Hold Price,138.49,97575.2
PROD_1425,Home & Living,53.81,250.2,112,247,64.81,64.81,Hold Price,11.0,16008.07
PROD_1426,Electronics,135.38,56.99,67,103,164.55,164.55,Hold Price,29.17,16948.65
PROD_1427,Sports,283.65,120.22,159,347,434.54,326.2,Floor Protected (Min: $326.2),42.55,113191.4
PROD_1428,Sports,131.72,20.4,54,278,199.2,199.2,Hold Price,67.48,55377.6
PROD_1429,Beauty,195.17,218.91,35,180,350.67,350.67,Hold Price,155.5,63120.6
PROD_1430,Home & Living,125.3,146.05,151,478,165.53,145.05,Match & Undercut,19.75,69333.9
PROD_1431,Electronics,89.52,275.29,68,103,121.29,121.29,Hold Price,31.77,12492.87
PROD_1432,Beauty,295.35,144.3,135,158,374.54,339.65,Floor Protected (Min: $339.65),44.3,53664.7
PROD_1433,Apparel,128.71,145.46,28,121,225.31,225.31,Hold Price,96.6,27262.51
PROD_1434,Beauty,269.29,338.29,11,64,448.82,448.82,Hold Price,179.53,28724.48
PROD_1435,Beauty,76.69,35.94,74,346,129.87,129.87,Hold Price,53.18,44935.02
PROD_1436,Home & Living,71.8,407.76,97,433,125.05,125.05,Hold Price,53.25,54146.65
PROD_1437,Apparel,19.03,385.73,49,476,28.83,28.83,Hold Price,9.8,13723.08
PROD_1438,Beauty,198.98,305.5,71,125,292.64,292.64,Hold Price,93.66,36580.0
PROD_1439,Electronics,116.87,273.05,188,152,163.41,163.41,Hold Price,46.54,24838.32
PROD_1440,Electronics,260.66,403.15,101,210,404.94,402.15,Match & Undercut,141.49,84451.5
PROD_1441,Sports,147.23,95.62,60,189,216.81,216.81,Hold Price,69.58,40977.09
PROD_1442,Apparel,290.78,49.35,3,211,427.72,334.4,Floor Protected (Min: $334.4),43.62,70558.4
PROD_1443,Apparel,63.8,119.19,158,373,112.43,112.43,Hold Price,48.63,41936.39
PROD_1444,Sports,261.9,360.64,197,488,468.91,359.64,Match & Undercut,97.74,175504.32
PROD_1445,Beauty,235.21,30.08,66,62,394.66,394.66,Hold Price,159.45,24468.92
PROD_1446,Apparel,233.57,268.52,84,480,386.34,386.34,Hold Price,152.77,185443.2
PROD_1447,Electronics,254.99,448.02,155,393,410.11,410.11,Hold Price,155.12,161173.23
PROD_1448,Electronics,230.7,387.23,11,189,299.83,398.85,Increase (High Demand / Low Stock),168.15,75382.65
PROD_1449,Home & Living,191.6,241.83,54,423,236.71,236.71,Hold Price,45.11,100128.33
PROD_1450,Apparel,48.06,42.68,80,426,77.59,77.59,Hold Price,29.53,33053.34
PROD_1451,Beauty,19.43,376.65,60,322,31.81,31.81,Hold Price,12.38,10242.82
PROD_1452,Sports,277.05,275.56,151,317,340.27,318.61,Floor Protected (Min: $318.61),41.56,100999.37
PROD_1453,Sports,188.83,65.0,180,146,331.74,217.15,Floor Protected (Min: $217.15),28.32,31703.9
PROD_1454,Beauty,241.0,55.83,49,191,302.38,302.38,Hold Price,61.38,57754.58
PROD_1455,Home & Living,149.64,410.69,150,376,205.24,205.24,Hold Price,55.6,77170.24
PROD_1456,Sports,44.02,306.1,124,10,70.58,70.58,Hold Price,26.56,705.8
PROD_1457,Apparel,46.3,375.74,23,53,60.28,60.28,Hold Price,13.98,3194.84
PROD_1458,Home & Living,208.81,397.36,101,236,257.51,257.51,Hold Price,48.7,60772.36
PROD_1459,Apparel,134.79,263.72,99,340,188.53,188.53,Hold Price,53.74,64100.2
PROD_1460,Electronics,68.15,240.09,159,107,113.1,113.1,Hold Price,44.95,12101.7
PROD_1461,Home & Living,152.56,202.24,26,217,220.94,220.94,Hold Price,68.38,47943.98
PROD_1462,Sports,28.62,152.87,29,274,45.56,45.56,Hold Price,16.94,12483.44
PROD_1463,Home & Living,178.77,204.05,194,297,276.7,205.59,Floor Protected (Min: $205.59),26.82,61060.23
PROD_1464,Home & Living,88.01,351.64,114,280,106.79,106.79,Hold Price,18.78,29901.2
PROD_1465,Home & Living,241.29,276.84,46,149,432.66,432.66,Hold Price,191.37,64466.34
PROD_1466,Home & Living,100.0,403.25,69,490,122.49,122.49,Hold Price,22.49,60020.1
PROD_1467,Apparel,142.01,207.87,8,246,252.87,214.11,Increase (High Demand / Low Stock),72.1,52671.06
PROD_1468,Electronics,13.37,279.08,50,471,20.46,20.46,Hold Price,7.09,9636.66
PROD_1469,Beauty,31.01,289.62,138,450,55.13,55.13,Hold Price,24.12,24808.5
PROD_1470,Home & Living,123.82,272.39,165,401,157.11,157.11,Hold Price,33.29,63001.11
PROD_1471,Sports,149.18,320.65,84,81,222.91,222.91,Hold Price,73.73,18055.71
PROD_1472,Home & Living,184.01,118.28,130,164,239.53,211.61,Floor Protected (Min: $211.61),27.6,34704.04
PROD_1473,Sports,94.58,237.88,139,199,116.39,116.39,Hold Price,21.81,23161.61
PROD_1474,Apparel,211.54,60.34,165,277,332.23,243.27,Floor Protected (Min: $243.27),31.73,67385.79
PROD_1475,Sports,259.44,182.26,74,330,343.67,343.67,Hold Price,84.23,113411.1
PROD_1476,Beauty,236.16,227.14,47,116,366.67,366.67,Hold Price,130.51,42533.72
PROD_1477,Electronics,21.49,298.72,107,241,27.24,27.24,Hold Price,5.75,6564.84
PROD_1478,Sports,149.35,428.48,161,51,208.97,208.97,Hold Price,59.62,10657.47
PROD_1479,Sports,40.43,276.28,33,199,67.48,67.48,Hold Price,27.05,13428.52
PROD_1480,Electronics,80.19,338.46,7,380,117.26,348.61,Increase (High Demand / Low Stock),268.42,132471.8
PROD_1481,Beauty,296.13,235.23,177,148,466.89,340.55,Floor Protected (Min: $340.55),44.42,50401.4
PROD_1482,Home & Living,51.32,290.84,167,112,81.52,81.52,Hold Price,30.2,9130.24
PROD_1483,Sports,154.68,45.86,146,180,263.92,177.88,Floor Protected (Min: $177.88),23.2,32018.4
PROD_1484,Electronics,189.27,125.66,75,360,264.02,264.02,Hold Price,74.75,95047.2
PROD_1485,Apparel,213.71,172.41,115,282,344.58,245.77,Floor Protected (Min: $245.77),32.06,69307.14
PROD_1486,Electronics,172.3,220.53,28,490,306.17,306.17,Hold Price,133.87,150023.3
PROD_1487,Apparel,12.83,34.86,55,425,21.02,21.02,Hold Price,8.19,8933.5
PROD_1488,Beauty,104.67,75.91,179,230,156.37,120.37,Floor Protected (Min: $120.37),15.7,27685.1
PROD_1489,Home & Living,160.14,135.41,164,222,252.77,184.16,Floor Protected (Min: $184.16),24.02,40883.52
PROD_1490,Electronics,35.48,437.62,86,350,58.32,58.32,Hold Price,22.84,20412.0
PROD_1491,Sports,111.68,159.14,128,433,175.04,158.14,Match & Undercut,46.46,68474.62
PROD_1492,Beauty,19.63,224.69,154,416,23.75,23.75,Hold Price,4.12,9880.0
PROD_1493,Electronics,32.79,100.3,157,65,43.18,43.18,Hold Price,10.39,2806.7
PROD_1494,Sports,125.11,280.69,112,399,210.97,210.97,Hold Price,85.86,84177.03
PROD_1495,Electronics,48.49,137.1,16,351,66.12,66.12,Hold Price,17.63,23208.12
PROD_1496,Apparel,174.59,105.04,133,443,286.14,200.78,Floor Protected (Min: $200.78),26.19,88945.54
PROD_1497,Electronics,209.94,239.71,94,111,298.8,298.8,Hold Price,88.86,33166.8
PROD_1498,Electronics,242.17,17.4,124,430,366.43,278.5,Floor Protected (Min: $278.5),36.33,119755.0
PROD_1499,Electronics,68.04,18.33,74,201,84.42,84.42,Hold Price,16.38,16968.42
PROD_1500,Beauty,58.57,110.29,156,319,76.65,76.65,Hold Price,18.08,24451.35
PROD_1501,Electronics,40.32,30.97,155,209,71.54,46.37,Floor Protected (Min: $46.37),6.05,9691.33
PROD_1502,Sports,194.56,61.99,148,242,337.38,223.74,Floor Protected (Min: $223.74),29.18,54145.08
PROD_1503,Apparel,214.88,162.4,93,442,341.95,341.95,Hold Price,127.07,151141.9
PROD_1504,Apparel,19.16,364.12,18,236,28.28,28.28,Hold Price,9.12,6674.08
PROD_1505,Electronics,281.5,263.84,44,380,451.94,451.94,Hold Price,170.44,171737.2
PROD_1506,Beauty,25.07,238.01,122,148,39.39,39.39,Hold Price,14.32,5829.72
PROD_1507,Beauty,166.98,142.67,42,353,257.34,257.34,Hold Price,90.36,90841.02
PROD_1508,Sports,215.63,420.31,171,314,266.41,266.41,Hold Price,50.78,83652.74
PROD_1509,Electronics,262.58,187.7,179,158,414.79,301.97,Floor Protected (Min: $301.97),39.39,47711.26
PROD_1510,Apparel,217.09,52.89,169,124,360.66,249.65,Floor Protected (Min: $249.65),32.56,30956.6
PROD_1511,Beauty,242.5,283.42,40,459,435.64,435.64,Hold Price,193.14,199958.76
PROD_1512,Electronics,108.44,64.52,114,72,130.85,124.71,Floor Protected (Min: $124.71),16.27,8979.12
PROD_1513,Beauty,246.3,165.17,152,113,403.47,283.25,Floor Protected (Min: $283.25),36.95,32007.25
PROD_1514,Beauty,33.23,235.72,112,348,51.28,51.28,Hold Price,18.05,17845.44
PROD_1515,Apparel,269.5,395.29,181,368,393.59,393.59,Hold Price,124.09,144841.12
PROD_1516,Home & Living,168.8,229.69,48,165,215.48,215.48,Hold Price,46.68,35554.2
PROD_1517,Sports,247.02,320.48,64,282,357.06,357.06,Hold Price,110.04,100690.92
PROD_1518,Sports,141.17,446.88,111,15,199.42,199.42,Hold Price,58.25,2991.3
PROD_1519,Apparel,196.64,72.2,70,156,271.7,271.7,Hold Price,75.06,42385.2
PROD_1520,Beauty,162.66,134.51,44,193,266.52,266.52,Hold Price,103.86,51438.36
PROD_1521,Electronics,222.16,186.64,177,495,360.0,255.48,Floor Protected (Min: $255.48),33.32,126462.6
PROD_1522,Beauty,33.67,198.5,35,37,52.3,52.3,Hold Price,18.63,1935.1
PROD_1523,Apparel,27.5,193.79,41,459,48.49,48.49,Hold Price,20.99,22256.91
PROD_1524,Sports,81.66,409.81,62,47,115.13,115.13,Hold Price,33.47,5411.11
PROD_1525,Beauty,56.27,325.6,179,128,75.76,75.76,Hold Price,19.49,9697.28
PROD_1526,Sports,262.82,279.44,196,302,418.81,302.24,Floor Protected (Min: $302.24),39.42,91276.48
PROD_1527,Electronics,73.57,149.58,63,380,97.06,97.06,Hold Price,23.49,36882.8
PROD_1528,Sports,293.0,373.35,59,253,406.98,406.98,Hold Price,113.98,102965.94
PROD_1529,Sports,107.7,430.45,162,77,143.75,143.75,Hold Price,36.05,11068.75
PROD_1530,Home & Living,62.81,372.22,76,223,77.98,77.98,Hold Price,15.17,17389.54
PROD_1531,Home & Living,239.01,15.68,17,227,405.48,405.48,Hold Price,166.47,92043.96
PROD_1532,Home & Living,201.03,291.83,83,186,271.94,271.94,Hold Price,70.91,50580.84
PROD_1533,Sports,154.48,37.24,95,308,229.22,229.22,Hold Price,74.74,70599.76
PROD_1534,Apparel,171.06,127.06,49,173,209.72,209.72,Hold Price,38.66,36281.56
PROD_1535,Sports,218.57,40.89,139,67,354.0,251.36,Floor Protected (Min: $251.36),32.79,16841.12
PROD_1536,Apparel,76.25,277.65,83,278,106.62,106.62,Hold Price,30.37,29640.36
PROD_1537,Apparel,298.94,313.67,39,317,492.31,492.31,Hold Price,193.37,156062.27
PROD_1538,Home & Living,292.69,64.8,128,67,423.65,336.59,Floor Protected (Min: $336.59),43.9,22551.53
PROD_1539,Beauty,198.59,181.97,20,297,261.63,261.63,Hold Price,63.04,77704.11
PROD_1540,Electronics,67.87,213.46,165,474,102.34,102.34,Hold Price,34.47,48509.16
PROD_1541,Home & Living,207.27,175.54,188,114,264.95,238.36,Floor Protected (Min: $238.36),31.09,27173.04
PROD_1542,Home & Living,30.94,67.65,64,237,45.31,45.31,Hold Price,14.37,10738.47
PROD_1543,Beauty,18.89,197.24,78,256,26.26,26.26,Hold Price,7.37,6722.56
PROD_1544,Electronics,84.73,341.76,175,197,148.04,148.04,Hold Price,63.31,29163.88
PROD_1545,Sports,144.16,45.89,132,92,178.26,165.78,Floor Protected (Min: $165.78),21.62,15251.76
PROD_1546,Sports,261.8,49.88,103,195,423.18,301.07,Floor Protected (Min: $301.07),39.27,58708.65
PROD_1547,Home & Living,220.88,169.33,66,261,289.28,289.28,Hold Price,68.4,75502.08
PROD_1548,Electronics,225.38,424.65,121,364,313.6,313.6,Hold Price,88.22,114150.4
PROD_1549,Home & Living,133.39,305.83,92,247,193.32,193.32,Hold Price,59.93,47750.04
PROD_1550,Apparel,110.32,310.22,9,369,192.49,319.53,Increase (High Demand / Low Stock),209.21,117906.57
PROD_1551,Home & Living,117.6,172.44,180,193,158.24,158.24,Hold Price,40.64,30540.32
PROD_1552,Home & Living,296.42,273.24,74,293,371.94,371.94,Hold Price,75.52,108978.42
PROD_1553,Sports,21.63,19.41,135,394,30.09,24.87,Floor Protected (Min: $24.87),3.24,9798.78
PROD_1554,Sports,261.44,291.7,108,435,330.15,300.66,Floor Protected (Min: $300.66),39.22,130787.1
PROD_1555,Sports,177.82,412.28,90,219,227.1,227.1,Hold Price,49.28,49734.9
PROD_1556,Apparel,137.2,281.47,40,313,211.88,211.88,Hold Price,74.68,66318.44
PROD_1557,Sports,220.32,395.06,114,305,272.43,272.43,Hold Price,52.11,83091.15
PROD_1558,Electronics,151.13,329.93,189,106,184.16,184.16,Hold Price,33.03,19520.96
PROD_1559,Beauty,263.29,67.44,29,456,428.81,428.81,Hold Price,165.52,195537.36
PROD_1560,Electronics,271.2,407.57,98,469,384.29,384.29,Hold Price,113.09,180232.01
PROD_1561,Electronics,132.3,43.9,183,465,168.71,152.15,Floor Protected (Min: $152.15),19.85,70749.75
PROD_1562,Sports,90.28,247.28,38,481,122.07,122.07,Hold Price,31.79,58715.67
PROD_1563,Beauty,181.78,76.83,138,217,288.17,209.05,Floor Protected (Min: $209.05),27.27,45363.85
PROD_1564,Beauty,274.59,20.09,83,379,374.9,374.9,Hold Price,100.31,142087.1
PROD_1565,Beauty,71.09,198.58,57,397,106.4,106.4,Hold Price,35.31,42240.8
PROD_1566,Apparel,190.66,143.34,188,431,242.71,219.26,Floor Protected (Min: $219.26),28.6,94501.06
PROD_1567,Sports,193.15,226.41,86,420,299.93,299.93,Hold Price,106.78,125970.6
PROD_1568,Beauty,222.6,266.08,3,146,309.34,274.06,Increase (High Demand / Low Stock),51.46,40012.76
PROD_1569,Apparel,48.15,34.03,190,376,75.89,55.37,Floor Protected (Min: $55.37),7.22,20819.12
PROD_1570,Home & Living,217.59,68.51,59,409,366.65,366.65,Hold Price,149.06,149959.85
PROD_1571,Home & Living,273.62,258.01,108,193,428.76,314.66,Floor Protected (Min: $314.66),41.04,60729.38
PROD_1572,Apparel,62.11,164.28,124,85,85.55,85.55,Hold Price,23.44,7271.75
PROD_1573,Apparel,78.89,332.19,189,296,106.77,106.77,Hold Price,27.88,31603.92
PROD_1574,Sports,291.7,298.75,169,481,407.35,335.45,Floor Protected (Min: $335.45),43.75,161351.45
PROD_1575,Sports,62.48,382.84,165,384,81.15,81.15,Hold Price,18.67,31161.6
PROD_1576,Home & Living,257.77,316.23,115,151,337.34,315.23,Match & Undercut,57.46,47599.73
PROD_1577,Beauty,152.76,202.02,108,246,255.78,201.02,Match & Undercut,48.26,49450.92
PROD_1578,Home & Living,81.7,307.74,38,34,116.9,116.9,Hold Price,35.2,3974.6
PROD_1579,Beauty,262.52,134.79,80,299,383.7,383.7,Hold Price,121.18,114726.3
PROD_1580,Beauty,139.14,148.25,93,76,216.56,216.56,Hold Price,77.42,16458.56
PROD_1581,Sports,159.3,358.21,19,259,247.52,247.52,Hold Price,88.22,64107.68
PROD_1582,Electronics,114.18,209.19,99,417,141.63,141.63,Hold Price,27.45,59059.71
PROD_1583,Electronics,181.96,362.3,64,127,309.14,309.14,Hold Price,127.18,39260.78
PROD_1584,Apparel,57.42,372.75,151,499,75.01,75.01,Hold Price,17.59,37429.99
PROD_1585,Sports,123.41,388.04,140,82,201.63,201.63,Hold Price,78.22,16533.66
PROD_1586,Beauty,291.13,413.74,187,291,484.32,412.74,Match & Undercut,121.61,120107.34
PROD_1587,Electronics,84.86,202.48,186,413,138.23,138.23,Hold Price,53.37,57088.99
PROD_1588,Beauty,200.45,153.71,5,457,310.17,230.52,Floor Protected (Min: $230.52),30.07,105347.64
PROD_1589,Electronics,104.31,268.26,136,369,126.09,126.09,Hold Price,21.78,46527.21
PROD_1590,Electronics,234.31,176.46,62,19,331.84,331.84,Hold Price,97.53,6304.96
PROD_1591,Electronics,47.95,276.47,108,220,74.94,74.94,Hold Price,26.99,16486.8
PROD_1592,Sports,291.25,321.93,55,332,417.21,417.21,Hold Price,125.96,138513.72
PROD_1593,Home & Living,141.6,314.46,89,161,243.28,243.28,Hold Price,101.68,39168.08
PROD_1594,Beauty,78.45,177.93,69,14,108.68,108.68,Hold Price,30.23,1521.52
PROD_1595,Sports,31.31,87.58,130,204,43.09,43.09,Hold Price,11.78,8790.36
PROD_1596,Sports,59.23,202.28,56,451,80.53,80.53,Hold Price,21.3,36319.03
PROD_1597,Sports,160.73,77.03,4,292,224.97,184.84,Floor Protected (Min: $184.84),24.11,53973.28
PROD_1598,Sports,107.73,402.19,167,473,165.31,165.31,Hold Price,57.58,78191.63
PROD_1599,Sports,250.38,165.46,122,122,406.67,287.94,Floor Protected (Min: $287.94),37.56,35128.68
PROD_1600,Apparel,134.96,82.19,130,280,215.6,155.2,Floor Protected (Min: $155.2),20.24,43456.0
PROD_1601,Beauty,82.13,26.07,103,172,138.36,94.45,Floor Protected (Min: $94.45),12.32,16245.4
PROD_1602,Sports,188.97,295.93,39,469,327.21,327.21,Hold Price,138.24,153461.49
PROD_1603,Beauty,214.97,292.05,86,114,363.22,363.22,Hold Price,148.25,41407.08
PROD_1604,Apparel,58.44,163.16,158,190,70.79,70.79,Hold Price,12.35,13450.1
PROD_1605,Apparel,58.61,46.19,134,53,96.21,67.4,Floor Protected (Min: $67.4),8.79,3572.2
PROD_1606,Beauty,20.63,193.19,93,291,27.34,27.34,Hold Price,6.71,7955.94
PROD_1607,Electronics,223.56,150.38,22,184,286.1,286.1,Hold Price,62.54,52642.4
PROD_1608,Home & Living,202.5,309.55,196,171,320.58,308.55,Match & Undercut,106.05,52762.05
PROD_1609,Electronics,147.64,278.51,110,480,205.49,205.49,Hold Price,57.85,98635.2
PROD_1610,Electronics,254.81,173.6,48,360,314.5,314.5,Hold Price,59.69,113220.0
PROD_1611,Electronics,243.64,109.78,85,443,312.49,312.49,Hold Price,68.85,138433.07
PROD_1612,Sports,179.75,444.8,84,349,215.8,215.8,Hold Price,36.05,75314.2
PROD_1613,Apparel,261.8,212.49,36,149,456.04,456.04,Hold Price,194.24,67949.96
PROD_1614,Electronics,69.69,314.4,197,480,84.66,84.66,Hold Price,14.97,40636.8
PROD_1615,Apparel,42.46,76.14,70,141,56.29,56.29,Hold Price,13.83,7936.89
PROD_1616,Beauty,88.23,226.23,130,96,127.91,127.91,Hold Price,39.68,12279.36
PROD_1617,Home & Living,26.56,26.98,197,185,37.55,30.54,Floor Protected (Min: $30.54),3.98,5649.9
PROD_1618,Beauty,164.04,234.87,141,192,286.58,233.87,Match & Undercut,69.83,44903.04
PROD_1619,Beauty,281.62,434.35,189,377,344.75,344.75,Hold Price,63.13,129970.75
PROD_1620,Sports,21.41,182.13,28,138,32.27,32.27,Hold Price,10.86,4453.26
PROD_1621,Home & Living,45.41,31.96,57,255,73.03,73.03,Hold Price,27.62,18622.65
PROD_1622,Beauty,141.14,28.47,24,98,248.27,248.27,Hold Price,107.13,24330.46
PROD_1623,Beauty,280.82,183.77,154,75,441.51,322.94,Floor Protected (Min: $322.94),42.12,24220.5
PROD_1624,Home & Living,101.69,84.61,22,167,171.07,171.07,Hold Price,69.38,28568.69
PROD_1625,Home & Living,157.1,25.16,62,396,196.41,196.41,Hold Price,39.31,77778.36
PROD_1626,Beauty,22.06,343.95,64,387,31.58,31.58,Hold Price,9.52,12221.46
PROD_1627,Home & Living,53.02,214.46,123,158,75.52,75.52,Hold Price,22.5,11932.16
PROD_1628,Beauty,296.12,140.82,53,482,512.81,512.81,Hold Price,216.69,247174.42
PROD_1629,Beauty,289.88,406.54,89,349,374.18,374.18,Hold Price,84.3,130588.82
PROD_1630,Sports,11.43,65.52,154,442,14.76,14.76,Hold Price,3.33,6523.92
PROD_1631,Electronics,286.03,430.82,56,125,399.62,399.62,Hold Price,113.59,49952.5
PROD_1632,Beauty,195.34,151.58,47,223,240.79,240.79,Hold Price,45.45,53696.17
PROD_1633,Apparel,261.7,401.46,33,478,342.69,342.69,Hold Price,80.99,163805.82
PROD_1634,Electronics,141.87,277.28,56,455,252.4,252.4,Hold Price,110.53,114842.0
PROD_1635,Electronics,159.52,374.62,97,490,232.41,232.41,Hold Price,72.89,113880.9
PROD_1636,Electronics,151.77,443.05,134,381,239.68,239.68,Hold Price,87.91,91318.08
PROD_1637,Sports,203.39,140.46,37,303,332.68,332.68,Hold Price,129.29,100802.04
PROD_1638,Beauty,50.5,433.09,111,262,71.72,71.72,Hold Price,21.22,18790.64
PROD_1639,Sports,18.69,184.42,178,152,24.08,24.08,Hold Price,5.39,3660.16
PROD_1640,Beauty,99.3,182.7,107,259,131.47,131.47,Hold Price,32.17,34050.73
PROD_1641,Sports,214.36,163.07,59,375,297.52,297.52,Hold Price,83.16,111570.0
PROD_1642,Sports,68.54,250.51,40,445,108.41,108.41,Hold Price,39.87,48242.45
PROD_1643,Apparel,205.3,82.05,81,472,295.42,295.42,Hold Price,90.12,139438.24
PROD_1644,Sports,291.27,255.86,98,311,350.71,350.71,Hold Price,59.44,109070.81
PROD_1645,Home & Living,37.23,250.64,114,34,56.37,56.37,Hold Price,19.14,1916.58
PROD_1646,Apparel,205.05,346.43,62,286,359.43,359.43,Hold Price,154.38,102796.98
PROD_1647,Sports,138.69,377.64,138,481,234.0,234.0,Hold Price,95.31,112554.0
PROD_1648,Electronics,261.76,206.59,7,386,443.72,301.02,Floor Protected (Min: $301.02),39.26,116193.72
PROD_1649,Home & Living,61.37,146.51,110,387,102.92,102.92,Hold Price,41.55,39830.04
PROD_1650,Home & Living,210.86,127.81,36,398,293.99,293.99,Hold Price,83.13,117008.02
PROD_1651,Home & Living,253.05,99.66,40,79,419.84,419.84,Hold Price,166.79,33167.36
PROD_1652,Apparel,283.94,40.08,151,122,365.12,326.53,Floor Protected (Min: $326.53),42.59,39836.66
PROD_1653,Sports,208.14,163.96,170,372,331.91,239.36,Floor Protected (Min: $239.36),31.22,89041.92
PROD_1654,Sports,154.18,132.56,119,121,244.37,177.31,Floor Protected (Min: $177.31),23.13,21454.51
PROD_1655,Electronics,189.18,435.39,6,373,229.92,448.45,Increase (High Demand / Low Stock),259.27,167271.85
PROD_1656,Electronics,261.98,257.6,171,312,438.24,301.28,Floor Protected (Min: $301.28),39.3,93999.36
PROD_1657,Home & Living,175.48,166.07,88,480,305.68,305.68,Hold Price,130.2,146726.4
PROD_1658,Electronics,18.81,267.5,77,461,25.59,25.59,Hold Price,6.78,11796.99
PROD_1659,Apparel,279.98,75.55,196,100,472.45,321.98,Floor Protected (Min: $321.98),42.0,32198.0
PROD_1660,Sports,209.96,208.16,159,27,262.33,241.45,Floor Protected (Min: $241.45),31.49,6519.15
PROD_1661,Home & Living,206.19,287.41,58,158,321.65,321.65,Hold Price,115.46,50820.7
PROD_1662,Electronics,72.55,227.67,128,485,108.2,108.2,Hold Price,35.65,52477.0
PROD_1663,Apparel,201.08,189.77,30,236,307.16,307.16,Hold Price,106.08,72489.76
PROD_1664,Apparel,124.22,447.32,166,223,218.1,218.1,Hold Price,93.88,48636.3
PROD_1665,Electronics,198.86,397.94,88,369,342.59,342.59,Hold Price,143.73,126415.71
PROD_1666,Sports,40.91,286.18,142,160,68.36,68.36,Hold Price,27.45,10937.6
PROD_1667,Electronics,200.78,262.68,161,201,273.91,261.68,Match & Undercut,60.9,52597.68
PROD_1668,Home & Living,299.83,284.99,47,460,523.83,523.83,Hold Price,224.0,240961.8
PROD_1669,Electronics,23.98,102.57,117,49,30.18,30.18,Hold Price,6.2,1478.82
PROD_1670,Apparel,293.38,186.88,113,251,502.27,337.39,Floor Protected (Min: $337.39),44.01,84684.89
PROD_1671,Electronics,128.0,32.16,152,147,178.8,147.2,Floor Protected (Min: $147.2),19.2,21638.4
PROD_1672,Sports,262.52,221.86,46,354,323.49,323.49,Hold Price,60.97,114515.46
PROD_1673,Beauty,236.89,251.22,146,189,379.41,272.42,Floor Protected (Min: $272.42),35.53,51487.38
PROD_1674,Electronics,174.43,114.07,105,209,233.52,200.59,Floor Protected (Min: $200.59),26.16,41923.31
PROD_1675,Sports,224.15,434.35,86,212,301.74,301.74,Hold Price,77.59,63968.88
PROD_1676,Sports,264.77,410.61,195,70,366.34,366.34,Hold Price,101.57,25643.8
PROD_1677,Apparel,127.2,329.13,135,201,157.5,157.5,Hold Price,30.3,31657.5
PROD_1678,Sports,104.84,247.02,109,14,136.95,136.95,Hold Price,32.11,1917.3
PROD_1679,Sports,203.6,393.44,19,387,244.95,244.95,Hold Price,41.35,94795.65
PROD_1680,Sports,244.28,71.83,95,246,358.42,358.42,Hold Price,114.14,88171.32
PROD_1681,Sports,231.06,358.87,151,190,288.95,288.95,Hold Price,57.89,54900.5
PROD_1682,Home & Living,241.37,69.3,34,320,388.51,388.51,Hold Price,147.14,124323.2
PROD_1683,Home & Living,136.32,360.48,159,46,182.86,182.86,Hold Price,46.54,8411.56
PROD_1684,Apparel,247.17,134.96,127,65,436.54,284.25,Floor Protected (Min: $284.25),37.08,18476.25
PROD_1685,Electronics,44.86,396.53,161,452,77.28,77.28,Hold Price,32.42,34930.56
PROD_1686,Sports,167.9,425.66,171,246,230.64,230.64,Hold Price,62.74,56737.44
PROD_1687,Electronics,11.67,79.73,123,367,19.49,19.49,Hold Price,7.82,7152.83
PROD_1688,Electronics,104.13,216.26,139,358,175.14,175.14,Hold Price,71.01,62700.12
PROD_1689,Apparel,116.27,441.73,116,206,208.35,208.35,Hold Price,92.08,42920.1
PROD_1690,Sports,124.89,225.28,165,82,194.67,194.67,Hold Price,69.78,15962.94
PROD_1691,Sports,211.69,390.64,163,68,264.44,264.44,Hold Price,52.75,17981.92
PROD_1692,Beauty,122.68,271.1,29,249,194.83,194.83,Hold Price,72.15,48512.67
PROD_1693,Electronics,140.12,178.27,12,11,220.69,220.69,Hold Price,80.57,2427.59
PROD_1694,Electronics,78.89,139.32,168,458,124.88,124.88,Hold Price,45.99,57195.04
PROD_1695,Home & Living,118.24,103.4,48,369,163.68,163.68,Hold Price,45.44,60397.92
PROD_1696,Beauty,75.91,346.38,128,197,130.25,130.25,Hold Price,54.34,25659.25
PROD_1697,Home & Living,31.23,183.15,148,316,55.45,55.45,Hold Price,24.22,17522.2
PROD_1698,Home & Living,185.0,237.4,119,39,246.17,236.4,Match & Undercut,51.4,9219.6
PROD_1699,Home & Living,203.78,229.16,144,276,255.31,234.35,Floor Protected (Min: $234.35),30.57,64680.6
PROD_1700,Apparel,189.65,266.12,127,485,249.72,249.72,Hold Price,60.07,121114.2
PROD_1701,Apparel,144.41,391.53,157,117,244.39,244.39,Hold Price,99.98,28593.63
PROD_1702,Home & Living,120.14,441.62,153,341,192.94,192.94,Hold Price,72.8,65792.54
PROD_1703,Beauty,260.37,192.3,73,432,411.81,411.81,Hold Price,151.44,177901.92
PROD_1704,Electronics,160.53,374.97,108,99,231.34,231.34,Hold Price,70.81,22902.66
PROD_1705,Beauty,148.96,347.57,138,214,230.4,230.4,Hold Price,81.44,49305.6
PROD_1706,Sports,17.44,264.49,176,388,24.15,24.15,Hold Price,6.71,9370.2
PROD_1707,Apparel,108.96,430.88,34,465,161.95,161.95,Hold Price,52.99,75306.75
PROD_1708,Electronics,120.26,102.21,191,456,201.54,138.3,Floor Protected (Min: $138.3),18.04,63064.8
PROD_1709,Electronics,125.66,62.53,20,457,224.77,224.77,Hold Price,99.11,102719.89
PROD_1710,Sports,178.25,386.47,196,454,313.63,313.63,Hold Price,135.38,142388.02
PROD_1711,Sports,164.74,206.03,75,390,290.0,290.0,Hold Price,125.26,113100.0
PROD_1712,Home & Living,186.29,383.43,169,447,268.51,268.51,Hold Price,82.22,120023.97
PROD_1713,Apparel,231.82,403.49,176,229,343.39,343.39,Hold Price,111.57,78636.31
PROD_1714,Apparel,245.77,42.17,194,387,398.98,282.64,Floor Protected (Min: $282.64),36.87,109381.68
PROD_1715,Beauty,218.26,399.31,158,103,382.68,382.68,Hold Price,164.42,39416.04
PROD_1716,Home & Living,287.1,210.02,179,466,368.98,330.17,Floor Protected (Min: $330.17),43.07,153859.22
PROD_1717,Home & Living,15.29,237.04,99,112,21.14,21.14,Hold Price,5.85,2367.68
PROD_1718,Home & Living,66.78,287.57,142,232,85.72,85.72,Hold Price,18.94,19887.04
PROD_1719,Home & Living,12.19,417.98,130,195,19.1,19.1,Hold Price,6.91,3724.5
PROD_1720,Apparel,197.77,23.32,163,478,273.67,227.44,Floor Protected (Min: $227.44),29.67,108716.32
PROD_1721,Apparel,270.43,222.43,94,193,377.43,377.43,Hold Price,107.0,72843.99
PROD_1722,Home & Living,80.61,314.16,177,171,100.16,100.16,Hold Price,19.55,17127.36
PROD_1723,Beauty,278.84,329.38,49,256,393.13,393.13,Hold Price,114.29,100641.28
PROD_1724,Electronics,27.48,316.25,178,40,47.2,47.2,Hold Price,19.72,1888.0
PROD_1725,Electronics,280.99,73.48,65,61,376.48,376.48,Hold Price,95.49,22965.28
PROD_1726,Beauty,111.97,145.24,62,354,181.07,181.07,Hold Price,69.1,64098.78
PROD_1727,Home & Living,39.41,171.04,158,85,62.18,62.18,Hold Price,22.77,5285.3
PROD_1728,Apparel,150.9,364.93,40,394,259.26,259.26,Hold Price,108.36,102148.44
PROD_1729,Electronics,84.47,136.26,129,448,108.07,108.07,Hold Price,23.6,48415.36
PROD_1730,Sports,92.61,106.66,89,287,165.45,165.45,Hold Price,72.84,47484.15
PROD_1731,Sports,99.11,431.49,27,49,153.58,153.58,Hold Price,54.47,7525.42
PROD_1732,Beauty,242.88,18.86,18,110,436.52,436.52,Hold Price,193.64,48017.2
PROD_1733,Home & Living,166.36,449.05,72,120,290.62,290.62,Hold Price,124.26,34874.4
PROD_1734,Electronics,100.28,309.42,14,394,133.66,318.7,Increase (High Demand / Low Stock),218.42,125567.8
PROD_1735,Home & Living,187.0,375.38,70,330,230.7,230.7,Hold Price,43.7,76131.0
PROD_1736,Electronics,217.68,143.16,27,258,294.6,294.6,Hold Price,76.92,76006.8
PROD_1737,Beauty,89.06,21.23,50,200,135.06,135.06,Hold Price,46.0,27012.0
PROD_1738,Beauty,129.93,335.97,196,499,169.29,169.29,Hold Price,39.36,84475.71
PROD_1739,Sports,45.35,377.85,8,191,58.98,389.19,Increase (High Demand / Low Stock),343.84,74335.29
PROD_1740,Home & Living,62.53,337.11,59,435,92.39,92.39,Hold Price,29.86,40189.65
PROD_1741,Sports,207.52,77.14,50,414,253.17,253.17,Hold Price,45.65,104812.38
PROD_1742,Home & Living,62.62,342.74,104,344,79.72,79.72,Hold Price,17.1,27423.68
PROD_1743,Sports,162.3,349.48,54,218,235.26,235.26,Hold Price,72.96,51286.68
PROD_1744,Apparel,215.62,301.47,194,31,266.91,266.91,Hold Price,51.29,8274.21
PROD_1745,Apparel,40.99,348.26,63,175,58.95,58.95,Hold Price,17.96,10316.25
PROD_1746,Apparel,174.52,382.98,18,108,259.06,259.06,Hold Price,84.54,27978.48
PROD_1747,Apparel,84.4,281.92,172,217,124.13,124.13,Hold Price,39.73,26936.21
PROD_1748,Electronics,289.25,53.54,26,17,497.95,497.95,Hold Price,208.7,8465.15
PROD_1749,Apparel,150.23,227.12,132,199,228.05,226.12,Match & Undercut,75.89,44997.88
PROD_1750,Beauty,243.74,48.78,30,184,360.93,360.93,Hold Price,117.19,66411.12
PROD_1751,Beauty,169.57,192.28,118,282,245.27,195.01,Floor Protected (Min: $195.01),25.44,54992.82
PROD_1752,Electronics,22.59,192.09,161,26,38.19,38.19,Hold Price,15.6,992.94
PROD_1753,Apparel,193.61,43.71,27,99,336.31,336.31,Hold Price,142.7,33294.69
PROD_1754,Apparel,285.91,166.74,125,150,489.46,328.8,Floor Protected (Min: $328.8),42.89,49320.0
PROD_1755,Apparel,184.47,63.28,145,154,295.91,212.14,Floor Protected (Min: $212.14),27.67,32669.56
PROD_1756,Sports,247.56,366.58,26,175,317.48,317.48,Hold Price,69.92,55559.0
PROD_1757,Home & Living,266.42,427.24,55,346,363.96,363.96,Hold Price,97.54,125930.16
PROD_1758,Sports,76.14,46.46,157,87,93.47,87.56,Floor Protected (Min: $87.56),11.42,7617.72
PROD_1759,Home & Living,71.49,430.48,74,438,125.71,125.71,Hold Price,54.22,55060.98
PROD_1760,Apparel,187.18,242.32,121,271,298.83,241.32,Match & Undercut,54.14,65397.72
PROD_1761,Apparel,129.2,145.31,57,172,212.9,212.9,Hold Price,83.7,36618.8
PROD_1762,Sports,253.56,48.44,66,375,351.67,351.67,Hold Price,98.11,131876.25
PROD_1763,Sports,271.01,232.77,94,23,462.72,462.72,Hold Price,191.71,10642.56
PROD_1764,Home & Living,112.49,360.61,87,248,152.51,152.51,Hold Price,40.02,37822.48
PROD_1765,Beauty,78.69,322.58,81,81,94.51,94.51,Hold Price,15.82,7655.31
PROD_1766,Home & Living,236.35,36.85,170,454,337.0,271.8,Floor Protected (Min: $271.8),35.45,123397.2
PROD_1767,Sports,89.69,46.71,109,152,138.34,103.14,Floor Protected (Min: $103.14),13.45,15677.28
PROD_1768,Sports,248.56,190.25,180,319,369.66,285.84,Floor Protected (Min: $285.84),37.28,91182.96
PROD_1769,Electronics,132.88,143.45,119,292,228.19,152.81,Floor Protected (Min: $152.81),19.93,44620.52
PROD_1770,Sports,203.59,116.09,158,278,257.18,234.13,Floor Protected (Min: $234.13),30.54,65088.14
PROD_1771,Electronics,37.71,137.24,84,250,57.78,57.78,Hold Price,20.07,14445.0
PROD_1772,Beauty,190.92,364.51,148,424,287.87,287.87,Hold Price,96.95,122056.88
PROD_1773,Home & Living,141.01,419.21,195,254,193.02,193.02,Hold Price,52.01,49027.08
PROD_1774,Home & Living,180.12,191.22,170,172,305.0,207.14,Floor Protected (Min: $207.14),27.02,35628.08
PROD_1775,Electronics,58.72,409.16,174,69,96.99,96.99,Hold Price,38.27,6692.31
PROD_1776,Home & Living,223.69,154.85,16,15,366.79,366.79,Hold Price,143.1,5501.85
PROD_1777,Sports,260.21,222.25,132,206,449.05,299.24,Floor Protected (Min: $299.24),39.03,61643.44
PROD_1778,Apparel,72.85,113.32,140,479,119.01,112.32,Match & Undercut,39.47,53801.28
PROD_1779,Electronics,37.76,293.61,182,67,50.56,50.56,Hold Price,12.8,3387.52
PROD_1780,Home & Living,16.86,440.86,175,314,27.37,27.37,Hold Price,10.51,8594.18
PROD_1781,Electronics,196.17,277.52,31,416,271.62,271.62,Hold Price,75.45,112993.92
PROD_1782,Electronics,186.06,170.65,58,226,250.31,250.31,Hold Price,64.25,56570.06
PROD_1783,Apparel,168.54,296.8,147,427,209.63,209.63,Hold Price,41.09,89512.01
PROD_1784,Sports,77.26,68.47,180,35,127.2,88.85,Floor Protected (Min: $88.85),11.59,3109.75
PROD_1785,Electronics,123.36,401.57,129,312,200.66,200.66,Hold Price,77.3,62605.92
PROD_1786,Home & Living,182.4,233.84,49,14,244.54,244.54,Hold Price,62.14,3423.56
PROD_1787,Beauty,154.06,210.47,195,483,254.14,209.47,Match & Undercut,55.41,101174.01
PROD_1788,Electronics,296.46,269.85,137,29,519.01,340.93,Floor Protected (Min: $340.93),44.47,9886.97
PROD_1789,Electronics,49.57,286.78,23,399,62.7,62.7,Hold Price,13.13,25017.3
PROD_1790,Apparel,211.59,46.22,7,207,283.44,243.33,Floor Protected (Min: $243.33),31.74,50369.31
PROD_1791,Sports,127.25,311.94,186,68,209.98,209.98,Hold Price,82.73,14278.64
PROD_1792,Beauty,134.18,120.24,105,457,183.12,154.31,Floor Protected (Min: $154.31),20.13,70519.67
PROD_1793,Home & Living,218.1,325.57,37,251,343.46,343.46,Hold Price,125.36,86208.46
PROD_1794,Beauty,210.81,372.8,80,155,263.24,263.24,Hold Price,52.43,40802.2
PROD_1795,Home & Living,297.46,364.72,117,397,437.66,363.72,Match & Undercut,66.26,144396.84
PROD_1796,Sports,47.23,255.34,58,282,77.62,77.62,Hold Price,30.39,21888.84
PROD_1797,Home & Living,40.19,241.27,50,258,64.78,64.78,Hold Price,24.59,16713.24
PROD_1798,Apparel,220.06,77.15,174,23,371.69,253.07,Floor Protected (Min: $253.07),33.01,5820.61
PROD_1799,Apparel,177.73,352.28,83,471,306.85,306.85,Hold Price,129.12,144526.35
PROD_1800,Apparel,89.51,133.06,67,22,148.94,148.94,Hold Price,59.43,3276.68
PROD_1801,Apparel,33.03,231.06,78,400,52.95,52.95,Hold Price,19.92,21180.0
PROD_1802,Beauty,34.84,138.66,46,393,42.47,42.47,Hold Price,7.63,16690.71
PROD_1803,Sports,269.32,73.22,80,53,409.63,409.63,Hold Price,140.31,21710.39
PROD_1804,Home & Living,65.64,288.86,21,384,80.25,80.25,Hold Price,14.61,30816.0
PROD_1805,Home & Living,103.78,38.63,193,408,174.85,119.35,Floor Protected (Min: $119.35),15.57,48694.8
PROD_1806,Apparel,75.73,340.66,124,28,105.45,105.45,Hold Price,29.72,2952.6
PROD_1807,Apparel,112.95,153.15,68,72,173.66,173.66,Hold Price,60.71,12503.52
PROD_1808,Electronics,30.13,15.06,84,248,41.21,41.21,Hold Price,11.08,10220.08
PROD_1809,Sports,160.53,237.34,4,428,268.0,244.46,Increase (High Demand / Low Stock),83.93,104628.88
PROD_1810,Beauty,29.61,35.38,183,346,51.28,34.38,Match & Undercut,4.77,11895.48
PROD_1811,Home & Living,242.1,135.13,65,428,348.43,348.43,Hold Price,106.33,149128.04
PROD_1812,Electronics,77.78,322.53,41,412,133.61,133.61,Hold Price,55.83,55047.32
PROD_1813,Electronics,166.6,42.27,60,413,226.62,226.62,Hold Price,60.02,93594.06
PROD_1814,Home & Living,265.22,380.11,184,109,403.35,379.11,Match & Undercut,113.89,41322.99
PROD_1815,Beauty,198.75,16.66,63,172,340.91,340.91,Hold Price,142.16,58636.52
PROD_1816,Electronics,164.56,122.37,133,425,229.65,189.24,Floor Protected (Min: $189.24),24.68,80427.0
PROD_1817,Electronics,104.06,337.29,61,131,184.44,184.44,Hold Price,80.38,24161.64
PROD_1818,Sports,106.57,152.58,117,441,135.68,135.68,Hold Price,29.11,59834.88
PROD_1819,Beauty,204.15,59.32,76,53,247.22,247.22,Hold Price,43.07,13102.66
PROD_1820,Electronics,298.3,171.7,123,369,519.78,343.04,Floor Protected (Min: $343.04),44.74,126581.76
PROD_1821,Beauty,201.93,132.62,108,417,250.63,232.22,Floor Protected (Min: $232.22),30.29,96835.74
PROD_1822,Home & Living,171.76,381.58,97,326,308.33,308.33,Hold Price,136.57,100515.58
PROD_1823,Apparel,221.89,151.31,92,390,392.93,392.93,Hold Price,171.04,153242.7
PROD_1824,Electronics,144.91,358.19,159,154,185.81,185.81,Hold Price,40.9,28614.74
PROD_1825,Sports,27.44,402.96,131,336,41.78,41.78,Hold Price,14.34,14038.08
PROD_1826,Home & Living,173.07,203.71,63,372,226.89,226.89,Hold Price,53.82,84403.08
PROD_1827,Beauty,287.71,410.83,50,59,419.16,419.16,Hold Price,131.45,24730.44
PROD_1828,Home & Living,60.84,179.13,138,74,75.25,75.25,Hold Price,14.41,5568.5
PROD_1829,Electronics,210.1,434.37,93,364,280.35,280.35,Hold Price,70.25,102047.4
PROD_1830,Beauty,68.27,53.84,160,297,96.8,78.51,Floor Protected (Min: $78.51),10.24,23317.47
PROD_1831,Apparel,165.39,313.85,125,173,242.0,242.0,Hold Price,76.61,41866.0
PROD_1832,Home & Living,38.04,229.81,62,150,67.96,67.96,Hold Price,29.92,10194.0
PROD_1833,Electronics,140.61,183.63,49,463,236.89,236.89,Hold Price,96.28,109680.07
PROD_1834,Sports,229.29,290.23,154,323,376.6,289.23,Match & Undercut,59.94,93421.29
PROD_1835,Beauty,110.8,321.18,165,137,168.66,168.66,Hold Price,57.86,23106.42
PROD_1836,Home & Living,202.82,16.9,137,407,345.61,233.24,Floor Protected (Min: $233.24),30.42,94928.68
PROD_1837,Home & Living,240.68,87.62,59,430,337.82,337.82,Hold Price,97.14,145262.6
PROD_1838,Apparel,278.88,325.18,102,377,453.27,324.18,Match & Undercut,45.3,122215.86
PROD_1839,Apparel,78.05,304.88,113,472,140.2,140.2,Hold Price,62.15,66174.4
PROD_1840,Sports,125.8,435.23,174,248,174.71,174.71,Hold Price,48.91,43328.08
PROD_1841,Sports,54.2,346.05,63,333,86.96,86.96,Hold Price,32.76,28957.68
PROD_1842,Electronics,297.82,428.59,40,305,508.26,508.26,Hold Price,210.44,155019.3
PROD_1843,Electronics,278.83,320.61,59,196,487.81,487.81,Hold Price,208.98,95610.76
PROD_1844,Sports,166.59,144.65,100,217,271.67,271.67,Hold Price,105.08,58952.39
PROD_1845,Sports,254.19,60.83,193,229,348.28,292.32,Floor Protected (Min: $292.32),38.13,66941.28
PROD_1846,Beauty,161.08,355.09,45,409,224.83,224.83,Hold Price,63.75,91955.47
PROD_1847,Apparel,190.84,295.2,30,199,231.38,231.38,Hold Price,40.54,46044.62
PROD_1848,Electronics,35.85,35.96,60,397,59.39,59.39,Hold Price,23.54,23577.83
PROD_1849,Apparel,229.03,171.62,72,438,280.71,280.71,Hold Price,51.68,122950.98
PROD_1850,Apparel,47.04,431.21,93,355,80.85,80.85,Hold Price,33.81,28701.75
PROD_1851,Sports,249.56,232.67,10,293,317.24,286.99,Floor Protected (Min: $286.99),37.43,84088.07
PROD_1852,Beauty,236.79,203.24,128,361,308.57,272.31,Floor Protected (Min: $272.31),35.52,98303.91
PROD_1853,Home & Living,215.54,214.1,135,246,320.27,247.87,Floor Protected (Min: $247.87),32.33,60976.02
PROD_1854,Beauty,20.49,105.86,158,203,33.66,33.66,Hold Price,13.17,6832.98
PROD_1855,Beauty,97.91,175.39,187,296,125.66,125.66,Hold Price,27.75,37195.36
PROD_1856,Apparel,86.3,175.87,146,268,126.35,126.35,Hold Price,40.05,33861.8
PROD_1857,Beauty,114.44,37.77,145,255,170.48,131.61,Floor Protected (Min: $131.61),17.17,33560.55
PROD_1858,Electronics,35.42,348.89,132,145,47.02,47.02,Hold Price,11.6,6817.9
PROD_1859,Apparel,281.72,196.18,22,289,357.6,357.6,Hold Price,75.88,103346.4
PROD_1860,Electronics,170.6,372.65,65,280,290.34,290.34,Hold Price,119.74,81295.2
PROD_1861,Home & Living,98.6,384.9,91,180,148.05,148.05,Hold Price,49.45,26649.0
PROD_1862,Apparel,125.12,107.22,37,168,151.22,151.22,Hold Price,26.1,25404.96
PROD_1863,Home & Living,139.69,300.95,63,210,234.93,234.93,Hold Price,95.24,49335.3
PROD_1864,Apparel,184.17,220.44,171,496,329.38,219.44,Match & Undercut,35.27,108842.24
PROD_1865,Sports,159.55,397.87,77,54,249.47,249.47,Hold Price,89.92,13471.38
PROD_1866,Beauty,276.62,108.85,171,459,415.55,318.11,Floor Protected (Min: $318.11),41.49,146012.49
PROD_1867,Sports,154.12,309.85,190,273,266.17,266.17,Hold Price,112.05,72664.41
PROD_1868,Home & Living,297.73,279.37,14,80,527.43,527.43,Hold Price,229.7,42194.4
PROD_1869,Beauty,256.91,143.46,12,373,424.6,295.45,Floor Protected (Min: $295.45),38.54,110202.85
PROD_1870,Apparel,70.47,74.42,55,380,103.4,103.4,Hold Price,32.93,39292.0
PROD_1871,Beauty,279.87,298.46,17,112,435.29,435.29,Hold Price,155.42,48752.48
PROD_1872,Electronics,43.75,336.29,9,499,70.9,346.38,Increase (High Demand / Low Stock),302.63,172843.62
PROD_1873,Beauty,247.06,152.3,105,134,325.27,284.12,Floor Protected (Min: $284.12),37.06,38072.08
PROD_1874,Electronics,120.38,295.5,60,322,176.76,176.76,Hold Price,56.38,56916.72
PROD_1875,Beauty,264.61,186.88,58,473,449.28,449.28,Hold Price,184.67,212509.44
PROD_1876,Electronics,261.74,325.24,41,492,416.91,416.91,Hold Price,155.17,205119.72
PROD_1877,Home & Living,243.72,101.66,188,295,352.6,280.28,Floor Protected (Min: $280.28),36.56,82682.6
PROD_1878,Sports,239.11,402.24,131,467,382.1,382.1,Hold Price,142.99,178440.7
PROD_1879,Apparel,98.36,140.02,95,239,125.01,125.01,Hold Price,26.65,29877.39
PROD_1880,Beauty,33.47,174.99,139,155,48.23,48.23,Hold Price,14.76,7475.65
PROD_1881,Sports,126.86,40.27,45,379,212.6,212.6,Hold Price,85.74,80575.4
PROD_1882,Apparel,60.32,63.51,140,206,80.36,69.37,Floor Protected (Min: $69.37),9.05,14290.22
PROD_1883,Apparel,211.54,239.4,81,382,277.45,277.45,Hold Price,65.91,105985.9
PROD_1884,Electronics,110.37,131.4,82,230,195.41,195.41,Hold Price,85.04,44944.3
PROD_1885,Home & Living,292.93,378.43,3,432,388.41,389.78,Increase (High Demand / Low Stock),96.85,168384.96
PROD_1886,Home & Living,195.88,21.39,179,69,265.72,225.26,Floor Protected (Min: $225.26),29.38,15542.94
PROD_1887,Sports,248.52,179.91,141,107,442.81,285.8,Floor Protected (Min: $285.8),37.28,30580.6
PROD_1888,Home & Living,48.43,161.75,116,180,79.47,79.47,Hold Price,31.04,14304.6
PROD_1889,Beauty,259.98,23.41,91,391,421.1,421.1,Hold Price,161.12,164650.1
PROD_1890,Home & Living,277.6,69.1,24,182,475.18,475.18,Hold Price,197.58,86482.76
PROD_1891,Sports,151.25,194.93,147,160,192.01,192.01,Hold Price,40.76,30721.6
PROD_1892,Home & Living,185.81,229.4,63,462,301.68,301.68,Hold Price,115.87,139376.16
PROD_1893,Beauty,231.79,190.87,114,359,348.2,266.56,Floor Protected (Min: $266.56),34.77,95695.04
PROD_1894,Electronics,60.7,245.96,129,399,103.04,103.04,Hold Price,42.34,41112.96
PROD_1895,Sports,155.74,273.88,63,449,234.37,234.37,Hold Price,78.63,105232.13
PROD_1896,Electronics,125.61,19.32,39,131,197.48,197.48,Hold Price,71.87,25869.88
PROD_1897,Electronics,52.45,216.88,196,117,77.97,77.97,Hold Price,25.52,9122.49
PROD_1898,Electronics,116.58,434.12,167,13,173.34,173.34,Hold Price,56.76,2253.42
PROD_1899,Apparel,29.77,240.78,196,102,49.44,49.44,Hold Price,19.67,5042.88
PROD_1900,Apparel,17.49,309.73,62,416,27.58,27.58,Hold Price,10.09,11473.28
PROD_1901,Electronics,49.2,150.66,130,15,77.73,77.73,Hold Price,28.53,1165.95
PROD_1902,Sports,289.3,351.69,174,297,425.32,350.69,Match & Undercut,61.39,104154.93
PROD_1903,Beauty,169.36,351.22,157,115,257.2,257.2,Hold Price,87.84,29578.0
PROD_1904,Beauty,290.09,241.76,150,155,477.9,333.6,Floor Protected (Min: $333.6),43.51,51708.0
PROD_1905,Home & Living,135.42,439.57,123,280,229.61,229.61,Hold Price,94.19,64290.8
PROD_1906,Sports,100.43,69.61,111,433,162.49,115.49,Floor Protected (Min: $115.49),15.06,50007.17
PROD_1907,Apparel,156.78,22.37,14,387,275.06,180.3,Floor Protected (Min: $180.3),23.52,69776.1
PROD_1908,Electronics,137.46,350.02,156,105,232.61,232.61,Hold Price,95.15,24424.05
PROD_1909,Home & Living,40.64,366.11,101,466,62.47,62.47,Hold Price,21.83,29111.02
PROD_1910,Beauty,195.84,67.29,136,238,313.9,225.22,Floor Protected (Min: $225.22),29.38,53602.36
PROD_1911,Apparel,72.65,130.53,23,211,127.56,127.56,Hold Price,54.91,26915.16
PROD_1912,Apparel,189.68,22.64,75,221,298.08,298.08,Hold Price,108.4,65875.68
PROD_1913,Electronics,198.56,142.59,182,15,336.54,228.34,Floor Protected (Min: $228.34),29.78,3425.1
PROD_1914,Beauty,54.09,351.32,133,121,87.26,87.26,Hold Price,33.17,10558.46
PROD_1915,Sports,27.79,240.31,24,385,42.55,42.55,Hold Price,14.76,16381.75
PROD_1916,Apparel,236.42,166.42,120,388,318.01,271.88,Floor Protected (Min: $271.88),35.46,105489.44
PROD_1917,Electronics,143.34,176.71,71,456,208.65,208.65,Hold Price,65.31,95144.4
PROD_1918,Sports,26.87,15.59,85,332,47.85,47.85,Hold Price,20.98,15886.2
PROD_1919,Beauty,298.51,145.41,102,115,476.02,343.29,Floor Protected (Min: $343.29),44.78,39478.35
PROD_1920,Apparel,26.76,296.21,85,148,41.17,41.17,Hold Price,14.41,6093.16
PROD_1921,Sports,211.56,438.77,162,308,372.3,372.3,Hold Price,160.74,114668.4
PROD_1922,Sports,295.27,383.47,29,410,458.23,458.23,Hold Price,162.96,187874.3
PROD_1923,Sports,79.36,25.26,137,105,120.28,91.26,Floor Protected (Min: $91.26),11.9,9582.3
PROD_1924,Apparel,51.25,405.87,2,397,84.85,418.05,Increase (High Demand / Low Stock),366.8,165965.85
PROD_1925,Apparel,45.2,355.69,166,456,73.57,73.57,Hold Price,28.37,33547.92
PROD_1926,Home & Living,97.95,354.46,64,461,128.89,128.89,Hold Price,30.94,59418.29
PROD_1927,Beauty,39.3,214.23,23,346,58.27,58.27,Hold Price,18.97,20161.42
PROD_1928,Electronics,210.73,188.13,71,306,312.62,312.62,Hold Price,101.89,95661.72
PROD_1929,Sports,28.06,146.77,126,476,40.04,40.04,Hold Price,11.98,19059.04
PROD_1930,Home & Living,157.73,43.58,150,398,238.23,181.39,Floor Protected (Min: $181.39),23.66,72193.22
PROD_1931,Electronics,299.04,114.28,97,425,432.97,432.97,Hold Price,133.93,184012.25
PROD_1932,Home & Living,246.05,122.27,164,223,324.69,282.96,Floor Protected (Min: $282.96),36.91,63100.08
PROD_1933,Apparel,188.41,225.57,80,463,272.71,272.71,Hold Price,84.3,126264.73
PROD_1934,Sports,98.81,340.14,6,300,122.86,350.34,Increase (High Demand / Low Stock),251.53,105102.0
PROD_1935,Electronics,190.93,221.11,61,31,295.08,295.08,Hold Price,104.15,9147.48
PROD_1936,Electronics,162.84,40.16,121,202,278.81,187.27,Floor Protected (Min: $187.27),24.43,37828.54
PROD_1937,Electronics,133.56,431.64,47,477,218.39,218.39,Hold Price,84.83,104172.03
PROD_1938,Electronics,47.91,425.09,179,159,67.85,67.85,Hold Price,19.94,10788.15
PROD_1939,Electronics,267.12,356.56,177,377,334.5,334.5,Hold Price,67.38,126106.5
PROD_1940,Home & Living,140.44,446.23,135,256,185.56,185.56,Hold Price,45.12,47503.36
PROD_1941,Sports,66.44,251.85,57,276,101.47,101.47,Hold Price,35.03,28005.72
PROD_1942,Apparel,116.65,433.8,111,470,154.47,154.47,Hold Price,37.82,72600.9
PROD_1943,Apparel,130.1,47.89,188,260,198.58,149.61,Floor Protected (Min: $149.61),19.51,38898.6
PROD_1944,Apparel,249.99,174.07,158,499,334.73,287.49,Floor Protected (Min: $287.49),37.5,143457.51
PROD_1945,Apparel,222.75,113.04,105,12,380.76,256.16,Floor Protected (Min: $256.16),33.41,3073.92
PROD_1946,Home & Living,233.1,100.19,78,402,335.28,335.28,Hold Price,102.18,134782.56
PROD_1947,Beauty,13.2,76.25,147,325,17.78,17.78,Hold Price,4.58,5778.5
PROD_1948,Sports,130.68,285.75,3,85,220.51,220.51,Hold Price,89.83,18743.35
PROD_1949,Electronics,149.59,354.88,9,96,210.28,210.28,Hold Price,60.69,20186.88
PROD_1950,Beauty,15.57,266.56,76,279,19.73,19.73,Hold Price,4.16,5504.67
PROD_1951,Apparel,85.35,78.93,183,234,131.63,98.15,Floor Protected (Min: $98.15),12.8,22967.1
PROD_1952,Beauty,230.48,367.84,126,27,357.0,357.0,Hold Price,126.52,9639.0
PROD_1953,Sports,49.76,291.64,39,122,81.05,81.05,Hold Price,31.29,9888.1
PROD_1954,Electronics,165.24,183.85,177,260,222.1,190.03,Floor Protected (Min: $190.03),24.79,49407.8
PROD_1955,Electronics,72.41,308.25,28,242,106.17,106.17,Hold Price,33.76,25693.14
PROD_1956,Sports,13.52,128.06,21,338,18.51,18.51,Hold Price,4.99,6256.38
PROD_1957,Sports,79.95,165.16,141,288,99.82,99.82,Hold Price,19.87,28748.16
PROD_1958,Apparel,293.0,414.11,44,211,505.71,505.71,Hold Price,212.71,106704.81
PROD_1959,Electronics,242.45,141.37,190,92,396.97,278.82,Floor Protected (Min: $278.82),36.37,25651.44
PROD_1960,Beauty,288.28,219.44,32,134,398.08,398.08,Hold Price,109.8,53342.72
PROD_1961,Home & Living,151.48,402.21,92,184,236.25,236.25,Hold Price,84.77,43470.0
PROD_1962,Home & Living,41.82,322.86,62,78,55.23,55.23,Hold Price,13.41,4307.94
PROD_1963,Sports,168.91,42.06,196,56,292.91,194.25,Floor Protected (Min: $194.25),25.34,10878.0
PROD_1964,Apparel,141.77,79.08,110,381,179.9,163.04,Floor Protected (Min: $163.04),21.27,62118.24
PROD_1965,Home & Living,254.86,18.41,92,265,306.42,306.42,Hold Price,51.56,81201.3
PROD_1966,Electronics,38.44,289.45,164,224,57.71,57.71,Hold Price,19.27,12927.04
PROD_1967,Sports,151.59,209.74,96,39,234.95,234.95,Hold Price,83.36,9163.05
PROD_1968,Beauty,53.51,73.41,144,290,82.8,72.41,Match & Undercut,18.9,20998.9
PROD_1969,Sports,104.16,431.7,145,421,128.4,128.4,Hold Price,24.24,54056.4
PROD_1970,Beauty,223.83,245.4,14,491,310.77,257.4,Floor Protected (Min: $257.4),33.57,126383.4
PROD_1971,Sports,148.05,120.22,114,246,222.0,170.26,Floor Protected (Min: $170.26),22.21,41883.96
PROD_1972,Sports,119.01,232.76,36,257,158.28,158.28,Hold Price,39.27,40677.96
PROD_1973,Sports,124.4,310.63,188,377,214.41,214.41,Hold Price,90.01,80832.57
PROD_1974,Beauty,143.24,48.16,150,34,179.37,164.73,Floor Protected (Min: $164.73),21.49,5600.82
PROD_1975,Beauty,237.65,134.5,183,83,354.68,273.3,Floor Protected (Min: $273.3),35.65,22683.9
PROD_1976,Sports,268.7,366.03,159,215,433.91,365.03,Match & Undercut,96.33,78481.45
PROD_1977,Home & Living,287.05,214.95,49,499,389.54,389.54,Hold Price,102.49,194380.46
PROD_1978,Apparel,238.2,252.76,36,323,375.06,375.06,Hold Price,136.86,121144.38
PROD_1979,Apparel,101.47,203.27,87,103,172.26,172.26,Hold Price,70.79,17742.78
PROD_1980,Apparel,209.56,34.1,167,384,275.4,240.99,Floor Protected (Min: $240.99),31.43,92540.16
PROD_1981,Beauty,136.9,87.1,160,136,239.62,157.44,Floor Protected (Min: $157.44),20.54,21411.84
PROD_1982,Beauty,83.85,208.81,153,434,128.47,128.47,Hold Price,44.62,55755.98
PROD_1983,Home & Living,253.85,106.0,115,34,350.2,291.93,Floor Protected (Min: $291.93),38.08,9925.62
PROD_1984,Apparel,21.14,36.74,178,343,30.83,30.83,Hold Price,9.69,10574.69
PROD_1985,Apparel,271.51,381.99,101,364,376.67,376.67,Hold Price,105.16,137107.88
PROD_1986,Sports,143.83,441.82,161,125,235.17,235.17,Hold Price,91.34,29396.25
PROD_1987,Beauty,194.79,360.02,184,57,326.81,326.81,Hold Price,132.02,18628.17
PROD_1988,Apparel,201.21,386.4,187,235,342.01,342.01,Hold Price,140.8,80372.35
PROD_1989,Home & Living,269.58,120.26,100,275,482.94,482.94,Hold Price,213.36,132808.5
PROD_1990,Home & Living,194.63,432.87,4,108,325.96,445.86,Increase (High Demand / Low Stock),251.23,48152.88
PROD_1991,Apparel,188.04,100.66,198,468,293.5,216.25,Floor Protected (Min: $216.25),28.21,101205.0
PROD_1992,Beauty,29.33,428.87,86,20,41.17,41.17,Hold Price,11.84,823.4
PROD_1993,Home & Living,160.34,447.75,126,94,244.8,244.8,Hold Price,84.46,23011.2
PROD_1994,Sports,53.55,324.6,139,414,65.58,65.58,Hold Price,12.03,27150.12
PROD_1995,Home & Living,223.86,441.8,84,223,368.67,368.67,Hold Price,144.81,82213.41
PROD_1996,Electronics,158.54,262.75,26,182,232.67,232.67,Hold Price,74.13,42345.94
PROD_1997,Electronics,207.27,127.9,69,400,251.21,251.21,Hold Price,43.94,100484.0
PROD_1998,Beauty,22.09,205.09,62,218,27.34,27.34,Hold Price,5.25,5960.12
PROD_1999,Apparel,34.59,273.2,30,457,49.55,49.55,Hold Price,14.96,22644.35
